,key,loc_x,loc_y,address,datetime,hashtag,address_unit
4,https://www.instagram.com/p/CHxA8G5gJKP/,126.34893103178686,33.24195298266035,제주특별자치도 서귀포시 안덕면 감산리,2020-11-19T08:36:13.000Z,맛집,안덕면
33,https://www.instagram.com/p/CHxAdPDFGmY/,126.381106668339,33.4842446359284,제주특별자치도 제주시 애월읍 구엄리 509,2020-11-19T08:32:00.000Z,애월맛집,애월읍
35,https://www.instagram.com/p/CHxAdPDFGmY/,126.381106668339,33.4842446359284,제주특별자치도 제주시 애월읍 구엄리 509,2020-11-19T08:32:00.000Z,카레맛집,애월읍
37,https://www.instagram.com/p/CHxAdPDFGmY/,126.381106668339,33.4842446359284,제주특별자치도 제주시 애월읍 구엄리 509,2020-11-19T08:32:00.000Z,제주도민맛집,애월읍
39,https://www.instagram.com/p/CHxAdPDFGmY/,126.381106668339,33.4842446359284,제주특별자치도 제주시 애월읍 구엄리 509,2020-11-19T08:32:00.000Z,제주맛집,애월읍
40,https://www.instagram.com/p/CHxAdPDFGmY/,126.381106668339,33.4842446359284,제주특별자치도 제주시 애월읍 구엄리 509,2020-11-19T08:32:00.000Z,제주혼밥맛집,애월읍
41,https://www.instagram.com/p/CHxAdPDFGmY/,126.381106668339,33.4842446359284,제주특별자치도 제주시 애월읍 구엄리 509,2020-11-19T08:32:00.000Z,제주맛집추천,애월읍
42,https://www.instagram.com/p/CHxAdPDFGmY/,126.381106668339,33.4842446359284,제주특별자치도 제주시 애월읍 구엄리 509,2020-11-19T08:32:00.000Z,제주오션뷰맛집,애월읍
47,https://www.instagram.com/p/CHxAdPDFGmY/,126.381106668339,33.4842446359284,제주특별자치도 제주시 애월읍 구엄리 509,2020-11-19T08:32:00.000Z,제주맛집추천,애월읍
48,https://www.instagram.com/p/CHxAdPDFGmY/,126.381106668339,33.4842446359284,제주특별자치도 제주시 애월읍 구엄리 509,2020-11-19T08:32:00.000Z,제주도맛집,애월읍
50,https://www.instagram.com/p/CHxAdPDFGmY/,126.381106668339,33.4842446359284,제주특별자치도 제주시 애월읍 구엄리 509,2020-11-19T08:32:00.000Z,제주맛집추천,애월읍
53,https://www.instagram.com/p/CHxAdPDFGmY/,126.381106668339,33.4842446359284,제주특별자치도 제주시 애월읍 구엄리 509,2020-11-19T08:32:00.000Z,제주시맛집,애월읍
54,https://www.instagram.com/p/CHxAdPDFGmY/,126.381106668339,33.4842446359284,제주특별자치도 제주시 애월읍 구엄리 509,2020-11-19T08:32:00.000Z,애월해안도로맛집,애월읍
55,https://www.instagram.com/p/CHxAdPDFGmY/,126.381106668339,33.4842446359284,제주특별자치도 제주시 애월읍 구엄리 509,2020-11-19T08:32:00.000Z,제주애월맛집,애월읍
56,https://www.instagram.com/p/CHxAdPDFGmY/,126.381106668339,33.4842446359284,제주특별자치도 제주시 애월읍 구엄리 509,2020-11-19T08:32:00.000Z,한림맛집,애월읍
57,https://www.instagram.com/p/CHxAdPDFGmY/,126.381106668339,33.4842446359284,제주특별자치도 제주시 애월읍 구엄리 509,2020-11-19T08:32:00.000Z,한담맛집,애월읍
58,https://www.instagram.com/p/CHxAdPDFGmY/,126.381106668339,33.4842446359284,제주특별자치도 제주시 애월읍 구엄리 509,2020-11-19T08:32:00.000Z,제주공항맛집,애월읍
65,https://www.instagram.com/p/CHxAb17l0Sr/,126.439341083568,33.4608856490895,제주특별자치도 제주시 애월읍 광령리,2020-11-19T08:31:49.000Z,애월맛집,애월읍
67,https://www.instagram.com/p/CHxAb17l0Sr/,126.439341083568,33.4608856490895,제주특별자치도 제주시 애월읍 광령리,2020-11-19T08:31:49.000Z,카레맛집,애월읍
69,https://www.instagram.com/p/CHxAb17l0Sr/,126.439341083568,33.4608856490895,제주특별자치도 제주시 애월읍 광령리,2020-11-19T08:31:49.000Z,제주도민맛집,애월읍
71,https://www.instagram.com/p/CHxAb17l0Sr/,126.439341083568,33.4608856490895,제주특별자치도 제주시 애월읍 광령리,2020-11-19T08:31:49.000Z,제주맛집,애월읍
72,https://www.instagram.com/p/CHxAb17l0Sr/,126.439341083568,33.4608856490895,제주특별자치도 제주시 애월읍 광령리,2020-11-19T08:31:49.000Z,제주혼밥맛집,애월읍
73,https://www.instagram.com/p/CHxAb17l0Sr/,126.439341083568,33.4608856490895,제주특별자치도 제주시 애월읍 광령리,2020-11-19T08:31:49.000Z,제주맛집추천,애월읍
74,https://www.instagram.com/p/CHxAb17l0Sr/,126.439341083568,33.4608856490895,제주특별자치도 제주시 애월읍 광령리,2020-11-19T08:31:49.000Z,제주오션뷰맛집,애월읍
79,https://www.instagram.com/p/CHxAb17l0Sr/,126.439341083568,33.4608856490895,제주특별자치도 제주시 애월읍 광령리,2020-11-19T08:31:49.000Z,제주맛집추천,애월읍
80,https://www.instagram.com/p/CHxAb17l0Sr/,126.439341083568,33.4608856490895,제주특별자치도 제주시 애월읍 광령리,2020-11-19T08:31:49.000Z,제주도맛집,애월읍
82,https://www.instagram.com/p/CHxAb17l0Sr/,126.439341083568,33.4608856490895,제주특별자치도 제주시 애월읍 광령리,2020-11-19T08:31:49.000Z,제주맛집추천,애월읍
85,https://www.instagram.com/p/CHxAb17l0Sr/,126.439341083568,33.4608856490895,제주특별자치도 제주시 애월읍 광령리,2020-11-19T08:31:49.000Z,제주시맛집,애월읍
86,https://www.instagram.com/p/CHxAb17l0Sr/,126.439341083568,33.4608856490895,제주특별자치도 제주시 애월읍 광령리,2020-11-19T08:31:49.000Z,애월해안도로맛집,애월읍
87,https://www.instagram.com/p/CHxAb17l0Sr/,126.439341083568,33.4608856490895,제주특별자치도 제주시 애월읍 광령리,2020-11-19T08:31:49.000Z,제주애월맛집,애월읍
88,https://www.instagram.com/p/CHxAb17l0Sr/,126.439341083568,33.4608856490895,제주특별자치도 제주시 애월읍 광령리,2020-11-19T08:31:49.000Z,한림맛집,애월읍
89,https://www.instagram.com/p/CHxAb17l0Sr/,126.439341083568,33.4608856490895,제주특별자치도 제주시 애월읍 광령리,2020-11-19T08:31:49.000Z,한담맛집,애월읍
90,https://www.instagram.com/p/CHxAb17l0Sr/,126.439341083568,33.4608856490895,제주특별자치도 제주시 애월읍 광령리,2020-11-19T08:31:49.000Z,제주공항맛집,애월읍
97,https://www.instagram.com/p/CHxAYGmFDw-/,126.376509129041,33.4843983019781,제주특별자치도 제주시 애월읍 구엄리,2020-11-19T08:31:18.000Z,애월맛집,애월읍
99,https://www.instagram.com/p/CHxAYGmFDw-/,126.376509129041,33.4843983019781,제주특별자치도 제주시 애월읍 구엄리,2020-11-19T08:31:18.000Z,카레맛집,애월읍
101,https://www.instagram.com/p/CHxAYGmFDw-/,126.376509129041,33.4843983019781,제주특별자치도 제주시 애월읍 구엄리,2020-11-19T08:31:18.000Z,제주도민맛집,애월읍
103,https://www.instagram.com/p/CHxAYGmFDw-/,126.376509129041,33.4843983019781,제주특별자치도 제주시 애월읍 구엄리,2020-11-19T08:31:18.000Z,제주맛집,애월읍
104,https://www.instagram.com/p/CHxAYGmFDw-/,126.376509129041,33.4843983019781,제주특별자치도 제주시 애월읍 구엄리,2020-11-19T08:31:18.000Z,제주혼밥맛집,애월읍
105,https://www.instagram.com/p/CHxAYGmFDw-/,126.376509129041,33.4843983019781,제주특별자치도 제주시 애월읍 구엄리,2020-11-19T08:31:18.000Z,제주맛집추천,애월읍
106,https://www.instagram.com/p/CHxAYGmFDw-/,126.376509129041,33.4843983019781,제주특별자치도 제주시 애월읍 구엄리,2020-11-19T08:31:18.000Z,제주오션뷰맛집,애월읍
111,https://www.instagram.com/p/CHxAYGmFDw-/,126.376509129041,33.4843983019781,제주특별자치도 제주시 애월읍 구엄리,2020-11-19T08:31:18.000Z,제주맛집추천,애월읍
112,https://www.instagram.com/p/CHxAYGmFDw-/,126.376509129041,33.4843983019781,제주특별자치도 제주시 애월읍 구엄리,2020-11-19T08:31:18.000Z,제주도맛집,애월읍
114,https://www.instagram.com/p/CHxAYGmFDw-/,126.376509129041,33.4843983019781,제주특별자치도 제주시 애월읍 구엄리,2020-11-19T08:31:18.000Z,제주맛집추천,애월읍
117,https://www.instagram.com/p/CHxAYGmFDw-/,126.376509129041,33.4843983019781,제주특별자치도 제주시 애월읍 구엄리,2020-11-19T08:31:18.000Z,제주시맛집,애월읍
118,https://www.instagram.com/p/CHxAYGmFDw-/,126.376509129041,33.4843983019781,제주특별자치도 제주시 애월읍 구엄리,2020-11-19T08:31:18.000Z,애월해안도로맛집,애월읍
119,https://www.instagram.com/p/CHxAYGmFDw-/,126.376509129041,33.4843983019781,제주특별자치도 제주시 애월읍 구엄리,2020-11-19T08:31:18.000Z,제주애월맛집,애월읍
120,https://www.instagram.com/p/CHxAYGmFDw-/,126.376509129041,33.4843983019781,제주특별자치도 제주시 애월읍 구엄리,2020-11-19T08:31:18.000Z,한림맛집,애월읍
121,https://www.instagram.com/p/CHxAYGmFDw-/,126.376509129041,33.4843983019781,제주특별자치도 제주시 애월읍 구엄리,2020-11-19T08:31:18.000Z,한담맛집,애월읍
122,https://www.instagram.com/p/CHxAYGmFDw-/,126.376509129041,33.4843983019781,제주특별자치도 제주시 애월읍 구엄리,2020-11-19T08:31:18.000Z,제주공항맛집,애월읍
161,https://www.instagram.com/p/CH77CQtlwTg/,126.19098189638305,33.25746034468198,제주특별자치도 서귀포시 대정읍 무릉리 3815-1,2020-11-23T14:16:17.000Z,맛집,대정읍
167,https://www.instagram.com/p/CH77CQtlwTg/,126.19098189638305,33.25746034468198,제주특별자치도 서귀포시 대정읍 무릉리 3815-1,2020-11-23T14:16:17.000Z,제주맛집,대정읍
168,https://www.instagram.com/p/CH77CQtlwTg/,126.19098189638305,33.25746034468198,제주특별자치도 서귀포시 대정읍 무릉리 3815-1,2020-11-23T14:16:17.000Z,제주도맛집,대정읍
169,https://www.instagram.com/p/CH77CQtlwTg/,126.19098189638305,33.25746034468198,제주특별자치도 서귀포시 대정읍 무릉리 3815-1,2020-11-23T14:16:17.000Z,제주맛집추천,대정읍
170,https://www.instagram.com/p/CH77CQtlwTg/,126.19098189638305,33.25746034468198,제주특별자치도 서귀포시 대정읍 무릉리 3815-1,2020-11-23T14:16:17.000Z,제주도맛집추천,대정읍
172,https://www.instagram.com/p/CH77CQtlwTg/,126.19098189638305,33.25746034468198,제주특별자치도 서귀포시 대정읍 무릉리 3815-1,2020-11-23T14:16:17.000Z,제주흑돼지맛집,대정읍
174,https://www.instagram.com/p/CH77CQtlwTg/,126.19098189638305,33.25746034468198,제주특별자치도 서귀포시 대정읍 무릉리 3815-1,2020-11-23T14:16:17.000Z,제주도흑돼지맛집,대정읍
175,https://www.instagram.com/p/CH77CQtlwTg/,126.19098189638305,33.25746034468198,제주특별자치도 서귀포시 대정읍 무릉리 3815-1,2020-11-23T14:16:17.000Z,서귀포맛집,대정읍
177,https://www.instagram.com/p/CH77CQtlwTg/,126.19098189638305,33.25746034468198,제주특별자치도 서귀포시 대정읍 무릉리 3815-1,2020-11-23T14:16:17.000Z,서귀포흑돼지맛집,대정읍
179,https://www.instagram.com/p/CH77CQtlwTg/,126.19098189638305,33.25746034468198,제주특별자치도 서귀포시 대정읍 무릉리 3815-1,2020-11-23T14:16:17.000Z,제주맛집투어,대정읍
180,https://www.instagram.com/p/CH77CQtlwTg/,126.19098189638305,33.25746034468198,제주특별자치도 서귀포시 대정읍 무릉리 3815-1,2020-11-23T14:16:17.000Z,제주도맛집투어,대정읍
181,https://www.instagram.com/p/CH77CQtlwTg/,126.19098189638305,33.25746034468198,제주특별자치도 서귀포시 대정읍 무릉리 3815-1,2020-11-23T14:16:17.000Z,최애맛집,대정읍
185,https://www.instagram.com/p/CH77CQtlwTg/,126.19098189638305,33.25746034468198,제주특별자치도 서귀포시 대정읍 무릉리 3815-1,2020-11-23T14:16:17.000Z,제주도맛집여행,대정읍
217,https://www.instagram.com/p/CH76XxLBZbH/,126.873289850307,33.3774305792331,제주특별자치도 서귀포시 성산읍 신산리 1073-9,2020-11-23T14:10:29.000Z,표선맛집,성산읍
218,https://www.instagram.com/p/CH76XxLBZbH/,126.873289850307,33.3774305792331,제주특별자치도 서귀포시 성산읍 신산리 1073-9,2020-11-23T14:10:29.000Z,성산일출봉맛집,성산읍
276,https://www.instagram.com/p/CH76Kb_D6zc/,126.439341083568,33.4608856490895,제주특별자치도 제주시 애월읍 광령리,2020-11-23T14:08:39.000Z,제주맛집,애월읍
277,https://www.instagram.com/p/CH76Kb_D6zc/,126.439341083568,33.4608856490895,제주특별자치도 제주시 애월읍 광령리,2020-11-23T14:08:39.000Z,제주도맛집,애월읍
362,https://www.instagram.com/p/CH9rtXxgfR9/,126.508835277337,33.5161848354525,제주특별자치도 제주시 용담삼동 503-5,2020-11-24T06:40:50.000Z,제주맛집,용담3동
396,https://www.instagram.com/p/CH9rdzslzA1/,126.45668314517829,33.50255325983955,제주특별자치도 제주시 이호일동 371-1,2020-11-24T06:38:43.000Z,제주도맛집,이호1동
397,https://www.instagram.com/p/CH9rdzslzA1/,126.45668314517829,33.50255325983955,제주특별자치도 제주시 이호일동 371-1,2020-11-24T06:38:43.000Z,제주맛집,이호1동
473,https://www.instagram.com/p/CH9rP-0LxEU/,126.612087338359,33.5355459503005,제주특별자치도 제주시 조천읍 신촌리,2020-11-24T06:36:49.000Z,뷰맛집,조천읍
482,https://www.instagram.com/p/CH9rJdbFn7O/,126.40716457908,33.2588962209144,제주특별자치도 서귀포시 색달동 2156-2,2020-11-24T06:35:56.000Z,맛집,색달동
513,https://www.instagram.com/p/CH9qbmyBxv1/,126.49726716501328,33.49152862178827,제주특별자치도 제주시 연동 301-19,2020-11-24T06:29:40.000Z,제주맛집,연동
516,https://www.instagram.com/p/CH9qbmyBxv1/,126.49726716501328,33.49152862178827,제주특별자치도 제주시 연동 301-19,2020-11-24T06:29:40.000Z,제주고기국수맛집,연동
519,https://www.instagram.com/p/CH9qbmyBxv1/,126.49726716501328,33.49152862178827,제주특별자치도 제주시 연동 301-19,2020-11-24T06:29:40.000Z,제주도맛집,연동
522,https://www.instagram.com/p/CH9qbmyBxv1/,126.49726716501328,33.49152862178827,제주특별자치도 제주시 연동 301-19,2020-11-24T06:29:40.000Z,고기국수맛집,연동
534,https://www.instagram.com/p/CH9qZvBlMce/,126.242439755379,33.3966233802686,제주특별자치도 제주시 한림읍 협재리 1706-1,2020-11-24T06:29:25.000Z,협재해수욕장맛집,한림읍
536,https://www.instagram.com/p/CH9qZvBlMce/,126.242439755379,33.3966233802686,제주특별자치도 제주시 한림읍 협재리 1706-1,2020-11-24T06:29:25.000Z,제주맛집,한림읍
537,https://www.instagram.com/p/CH9qZvBlMce/,126.242439755379,33.3966233802686,제주특별자치도 제주시 한림읍 협재리 1706-1,2020-11-24T06:29:25.000Z,협재맛집,한림읍
538,https://www.instagram.com/p/CH9qZvBlMce/,126.242439755379,33.3966233802686,제주특별자치도 제주시 한림읍 협재리 1706-1,2020-11-24T06:29:25.000Z,한림맛집,한림읍
539,https://www.instagram.com/p/CH9qZvBlMce/,126.242439755379,33.3966233802686,제주특별자치도 제주시 한림읍 협재리 1706-1,2020-11-24T06:29:25.000Z,제주협재맛집,한림읍
540,https://www.instagram.com/p/CH9qZvBlMce/,126.242439755379,33.3966233802686,제주특별자치도 제주시 한림읍 협재리 1706-1,2020-11-24T06:29:25.000Z,제주서쪽맛집,한림읍
544,https://www.instagram.com/p/CH9qZvBlMce/,126.242439755379,33.3966233802686,제주특별자치도 제주시 한림읍 협재리 1706-1,2020-11-24T06:29:25.000Z,뷰맛집,한림읍
608,https://www.instagram.com/p/CH9th5ynMyT/,126.23323472600012,33.387810619550386,제주특별자치도 제주시 한림읍 금능리 1474-11,2020-11-24T06:56:45.000Z,제주맛집,한림읍
609,https://www.instagram.com/p/CH9th5ynMyT/,126.23323472600012,33.387810619550386,제주특별자치도 제주시 한림읍 금능리 1474-11,2020-11-24T06:56:45.000Z,한림맛집,한림읍
610,https://www.instagram.com/p/CH9th5ynMyT/,126.23323472600012,33.387810619550386,제주특별자치도 제주시 한림읍 금능리 1474-11,2020-11-24T06:56:45.000Z,금능맛집,한림읍
686,https://www.instagram.com/p/CH9wKJinchZ/,126.484335607995,33.5121615600947,제주특별자치도 제주시 용담삼동 2576,2020-11-24T07:19:43.000Z,애월맛집,용담3동
711,https://www.instagram.com/p/CH9vu8mFAX6/,126.242439755379,33.3966233802686,제주특별자치도 제주시 한림읍 협재리 1706-1,2020-11-24T07:16:00.000Z,협재해수욕장맛집,한림읍
713,https://www.instagram.com/p/CH9vu8mFAX6/,126.242439755379,33.3966233802686,제주특별자치도 제주시 한림읍 협재리 1706-1,2020-11-24T07:16:00.000Z,제주맛집,한림읍
714,https://www.instagram.com/p/CH9vu8mFAX6/,126.242439755379,33.3966233802686,제주특별자치도 제주시 한림읍 협재리 1706-1,2020-11-24T07:16:00.000Z,협재맛집,한림읍
715,https://www.instagram.com/p/CH9vu8mFAX6/,126.242439755379,33.3966233802686,제주특별자치도 제주시 한림읍 협재리 1706-1,2020-11-24T07:16:00.000Z,한림맛집,한림읍
716,https://www.instagram.com/p/CH9vu8mFAX6/,126.242439755379,33.3966233802686,제주특별자치도 제주시 한림읍 협재리 1706-1,2020-11-24T07:16:00.000Z,제주협재맛집,한림읍
717,https://www.instagram.com/p/CH9vu8mFAX6/,126.242439755379,33.3966233802686,제주특별자치도 제주시 한림읍 협재리 1706-1,2020-11-24T07:16:00.000Z,제주서쪽맛집,한림읍
721,https://www.instagram.com/p/CH9vu8mFAX6/,126.242439755379,33.3966233802686,제주특별자치도 제주시 한림읍 협재리 1706-1,2020-11-24T07:16:00.000Z,뷰맛집,한림읍
818,https://www.instagram.com/p/CH9uhDID8o_/,126.45921813367563,33.244941024668485,제주특별자치도 서귀포시 월평동 471-1,2020-11-24T07:05:22.000Z,서귀포맛집,월평동
820,https://www.instagram.com/p/CH9uhDID8o_/,126.45921813367563,33.244941024668485,제주특별자치도 서귀포시 월평동 471-1,2020-11-24T07:05:22.000Z,작은식당,월평동
823,https://www.instagram.com/p/CH9uhDID8o_/,126.45921813367563,33.244941024668485,제주특별자치도 서귀포시 월평동 471-1,2020-11-24T07:05:22.000Z,무국적식당,월평동
935,https://www.instagram.com/p/CH9wxvTj92b/,126.515405578685,33.516910345877,제주특별자치도 제주시 용담1동 431,2020-11-24T07:25:07.000Z,제주도맛집,용담1동
936,https://www.instagram.com/p/CH9wxvTj92b/,126.515405578685,33.516910345877,제주특별자치도 제주시 용담1동 431,2020-11-24T07:25:07.000Z,제주맛집,용담1동
937,https://www.instagram.com/p/CH9wxvTj92b/,126.515405578685,33.516910345877,제주특별자치도 제주시 용담1동 431,2020-11-24T07:25:07.000Z,용두암맛집,용담1동
938,https://www.instagram.com/p/CH9wxvTj92b/,126.515405578685,33.516910345877,제주특별자치도 제주시 용담1동 431,2020-11-24T07:25:07.000Z,탑동맛집,용담1동
939,https://www.instagram.com/p/CH9wxvTj92b/,126.515405578685,33.516910345877,제주특별자치도 제주시 용담1동 431,2020-11-24T07:25:07.000Z,제주탑동맛집,용담1동
940,https://www.instagram.com/p/CH9wxvTj92b/,126.515405578685,33.516910345877,제주특별자치도 제주시 용담1동 431,2020-11-24T07:25:07.000Z,제주도맛집추천,용담1동
941,https://www.instagram.com/p/CH9wxvTj92b/,126.515405578685,33.516910345877,제주특별자치도 제주시 용담1동 431,2020-11-24T07:25:07.000Z,제주맛집추천,용담1동
946,https://www.instagram.com/p/CH9wxvTj92b/,126.515405578685,33.516910345877,제주특별자치도 제주시 용담1동 431,2020-11-24T07:25:07.000Z,제주공항근처맛집,용담1동
949,https://www.instagram.com/p/CH9wxvTj92b/,126.515405578685,33.516910345877,제주특별자치도 제주시 용담1동 431,2020-11-24T07:25:07.000Z,제주도라마다호텔맛집,용담1동
950,https://www.instagram.com/p/CH9wxvTj92b/,126.515405578685,33.516910345877,제주특별자치도 제주시 용담1동 431,2020-11-24T07:25:07.000Z,제주도뷰맛집,용담1동
951,https://www.instagram.com/p/CH9wxvTj92b/,126.515405578685,33.516910345877,제주특별자치도 제주시 용담1동 431,2020-11-24T07:25:07.000Z,제주뷰맛집,용담1동
952,https://www.instagram.com/p/CH9wxvTj92b/,126.515405578685,33.516910345877,제주특별자치도 제주시 용담1동 431,2020-11-24T07:25:07.000Z,용담맛집,용담1동
953,https://www.instagram.com/p/CH9wxvTj92b/,126.515405578685,33.516910345877,제주특별자치도 제주시 용담1동 431,2020-11-24T07:25:07.000Z,용담해안도로맛집,용담1동
955,https://www.instagram.com/p/CH9wxvTj92b/,126.515405578685,33.516910345877,제주특별자치도 제주시 용담1동 431,2020-11-24T07:25:07.000Z,제주용두암해안도로맛집,용담1동
956,https://www.instagram.com/p/CH9wxvTj92b/,126.515405578685,33.516910345877,제주특별자치도 제주시 용담1동 431,2020-11-24T07:25:07.000Z,제주용담해안도로맛집,용담1동
959,https://www.instagram.com/p/CH9wxvTj92b/,126.515405578685,33.516910345877,제주특별자치도 제주시 용담1동 431,2020-11-24T07:25:07.000Z,제주도방어맛집,용담1동
960,https://www.instagram.com/p/CH9wxvTj92b/,126.515405578685,33.516910345877,제주특별자치도 제주시 용담1동 431,2020-11-24T07:25:07.000Z,제주방어맛집,용담1동
983,https://www.instagram.com/p/CH90HjoJZWR/,126.24216053732899,33.395604683838634,제주특별자치도 제주시 한림읍 협재리 1728,2020-11-24T07:54:19.000Z,협재맛집,한림읍
990,https://www.instagram.com/p/CH90HjoJZWR/,126.24216053732899,33.395604683838634,제주특별자치도 제주시 한림읍 협재리 1728,2020-11-24T07:54:19.000Z,제주맛집,한림읍
1010,https://www.instagram.com/p/CH90D8MpZ7H/,126.24216053732899,33.395604683838634,제주특별자치도 제주시 한림읍 협재리 1728,2020-11-24T07:53:49.000Z,협재맛집,한림읍
1017,https://www.instagram.com/p/CH90D8MpZ7H/,126.24216053732899,33.395604683838634,제주특별자치도 제주시 한림읍 협재리 1728,2020-11-24T07:53:49.000Z,제주맛집,한림읍
1037,https://www.instagram.com/p/CH90AsZJbjs/,126.24216053732899,33.395604683838634,제주특별자치도 제주시 한림읍 협재리 1728,2020-11-24T07:53:23.000Z,협재맛집,한림읍
1044,https://www.instagram.com/p/CH90AsZJbjs/,126.24216053732899,33.395604683838634,제주특별자치도 제주시 한림읍 협재리 1728,2020-11-24T07:53:23.000Z,제주맛집,한림읍
1078,https://www.instagram.com/p/CH9z89YJjsL/,126.24216053732899,33.395604683838634,제주특별자치도 제주시 한림읍 협재리 1728,2020-11-24T07:52:52.000Z,협재맛집,한림읍
1085,https://www.instagram.com/p/CH9z89YJjsL/,126.24216053732899,33.395604683838634,제주특별자치도 제주시 한림읍 협재리 1728,2020-11-24T07:52:52.000Z,제주맛집,한림읍
1106,https://www.instagram.com/p/CH9z6ZUpUTe/,126.24216053732899,33.395604683838634,제주특별자치도 제주시 한림읍 협재리 1728,2020-11-24T07:52:31.000Z,협재맛집,한림읍
1113,https://www.instagram.com/p/CH9z6ZUpUTe/,126.24216053732899,33.395604683838634,제주특별자치도 제주시 한림읍 협재리 1728,2020-11-24T07:52:31.000Z,제주맛집,한림읍
1133,https://www.instagram.com/p/CH9z3ZsJQIE/,126.24216053732899,33.395604683838634,제주특별자치도 제주시 한림읍 협재리 1728,2020-11-24T07:52:07.000Z,협재맛집,한림읍
1140,https://www.instagram.com/p/CH9z3ZsJQIE/,126.24216053732899,33.395604683838634,제주특별자치도 제주시 한림읍 협재리 1728,2020-11-24T07:52:07.000Z,제주맛집,한림읍
1160,https://www.instagram.com/p/CH9zzi5ptnG/,126.24216053732899,33.395604683838634,제주특별자치도 제주시 한림읍 협재리 1728,2020-11-24T07:51:35.000Z,협재맛집,한림읍
1167,https://www.instagram.com/p/CH9zzi5ptnG/,126.24216053732899,33.395604683838634,제주특별자치도 제주시 한림읍 협재리 1728,2020-11-24T07:51:35.000Z,제주맛집,한림읍
1208,https://www.instagram.com/p/CH9zP3GH9q2/,126.61867504286916,33.25076159560252,제주특별자치도 서귀포시 하효동 1298,2020-11-24T07:46:43.000Z,제주맛집,하효동
1212,https://www.instagram.com/p/CH9zP3GH9q2/,126.61867504286916,33.25076159560252,제주특별자치도 서귀포시 하효동 1298,2020-11-24T07:46:43.000Z,제주맛집추천,하효동
1213,https://www.instagram.com/p/CH9zP3GH9q2/,126.61867504286916,33.25076159560252,제주특별자치도 서귀포시 하효동 1298,2020-11-24T07:46:43.000Z,제주맛집투어,하효동
1220,https://www.instagram.com/p/CH9zP3GH9q2/,126.61867504286916,33.25076159560252,제주특별자치도 서귀포시 하효동 1298,2020-11-24T07:46:43.000Z,제주맛집지도,하효동
1221,https://www.instagram.com/p/CH9zP3GH9q2/,126.61867504286916,33.25076159560252,제주특별자치도 서귀포시 하효동 1298,2020-11-24T07:46:43.000Z,쇠소깍맛집,하효동
1223,https://www.instagram.com/p/CH9zP3GH9q2/,126.61867504286916,33.25076159560252,제주특별자치도 서귀포시 하효동 1298,2020-11-24T07:46:43.000Z,쇠소깍근처맛집,하효동
1224,https://www.instagram.com/p/CH9zP3GH9q2/,126.61867504286916,33.25076159560252,제주특별자치도 서귀포시 하효동 1298,2020-11-24T07:46:43.000Z,서귀포맛집,하효동
1225,https://www.instagram.com/p/CH9zP3GH9q2/,126.61867504286916,33.25076159560252,제주특별자치도 서귀포시 하효동 1298,2020-11-24T07:46:43.000Z,서귀포맛집추천,하효동
1226,https://www.instagram.com/p/CH9zP3GH9q2/,126.61867504286916,33.25076159560252,제주특별자치도 서귀포시 하효동 1298,2020-11-24T07:46:43.000Z,서귀포맛집베스트,하효동
1228,https://www.instagram.com/p/CH9zP3GH9q2/,126.61867504286916,33.25076159560252,제주특별자치도 서귀포시 하효동 1298,2020-11-24T07:46:43.000Z,용머리해안맛집,하효동
1277,https://www.instagram.com/p/CH92-nXHmVH/,126.715093661443,33.5533924123546,제주특별자치도 제주시 구좌읍 동복리 1568-1,2020-11-24T08:19:19.000Z,사진맛집,구좌읍
1396,https://www.instagram.com/p/CH92SrWFQj5/,126.85416370919921,33.52492385854104,제주특별자치도 제주시 구좌읍 세화리 3648-1,2020-11-24T08:13:22.000Z,비자림근처맛집,구좌읍
1397,https://www.instagram.com/p/CH92SrWFQj5/,126.85416370919921,33.52492385854104,제주특별자치도 제주시 구좌읍 세화리 3648-1,2020-11-24T08:13:22.000Z,제주흑돼지맛집,구좌읍
1399,https://www.instagram.com/p/CH92SrWFQj5/,126.85416370919921,33.52492385854104,제주특별자치도 제주시 구좌읍 세화리 3648-1,2020-11-24T08:13:22.000Z,구좌읍흑돼지맛집,구좌읍
1402,https://www.instagram.com/p/CH92SrWFQj5/,126.85416370919921,33.52492385854104,제주특별자치도 제주시 구좌읍 세화리 3648-1,2020-11-24T08:13:22.000Z,세화맛집,구좌읍
1404,https://www.instagram.com/p/CH92SrWFQj5/,126.85416370919921,33.52492385854104,제주특별자치도 제주시 구좌읍 세화리 3648-1,2020-11-24T08:13:22.000Z,제주동부맛집,구좌읍
1416,https://www.instagram.com/p/CH92KiNjper/,126.24216053732899,33.395604683838634,제주특별자치도 제주시 한림읍 협재리 1728,2020-11-24T08:12:12.000Z,협재맛집,한림읍
1423,https://www.instagram.com/p/CH92KiNjper/,126.24216053732899,33.395604683838634,제주특별자치도 제주시 한림읍 협재리 1728,2020-11-24T08:12:12.000Z,제주맛집,한림읍
1445,https://www.instagram.com/p/CH91uQMgKAl/,126.86025618946,33.5251436596119,제주특별자치도 제주시 구좌읍 세화리 1-1,2020-11-24T08:11:33.000Z,구좌읍맛집,구좌읍
1446,https://www.instagram.com/p/CH91uQMgKAl/,126.86025618946,33.5251436596119,제주특별자치도 제주시 구좌읍 세화리 1-1,2020-11-24T08:11:33.000Z,구좌맛집,구좌읍
1447,https://www.instagram.com/p/CH91uQMgKAl/,126.86025618946,33.5251436596119,제주특별자치도 제주시 구좌읍 세화리 1-1,2020-11-24T08:11:33.000Z,구좌읍맛집,구좌읍
1463,https://www.instagram.com/p/CH9198wnStv/,126.236917142939,33.2746792813178,제주특별자치도 서귀포시 대정읍 무릉리 640-5,2020-11-24T08:10:29.000Z,제주흑돼지맛집,대정읍
1464,https://www.instagram.com/p/CH9198wnStv/,126.236917142939,33.2746792813178,제주특별자치도 서귀포시 대정읍 무릉리 640-5,2020-11-24T08:10:29.000Z,제주도흑돼지맛집,대정읍
1476,https://www.instagram.com/p/CH9198wnStv/,126.236917142939,33.2746792813178,제주특별자치도 서귀포시 대정읍 무릉리 640-5,2020-11-24T08:10:29.000Z,흑돼지맛집,대정읍
1479,https://www.instagram.com/p/CH9198wnStv/,126.236917142939,33.2746792813178,제주특별자치도 서귀포시 대정읍 무릉리 640-5,2020-11-24T08:10:29.000Z,젓갈맛집,대정읍
1481,https://www.instagram.com/p/CH9198wnStv/,126.236917142939,33.2746792813178,제주특별자치도 서귀포시 대정읍 무릉리 640-5,2020-11-24T08:10:29.000Z,속초젓갈맛집,대정읍
1490,https://www.instagram.com/p/CH915uIAQrz/,126.63621623625866,33.30034607599768,제주특별자치도 서귀포시 남원읍 신례리 1767,2020-11-24T08:09:54.000Z,서귀포맛집,남원읍
1513,https://www.instagram.com/p/CH917b6FuKE/,126.381106668339,33.4842446359284,제주특별자치도 제주시 애월읍 구엄리 509,2020-11-24T08:10:08.000Z,애월맛집,애월읍
1515,https://www.instagram.com/p/CH917b6FuKE/,126.381106668339,33.4842446359284,제주특별자치도 제주시 애월읍 구엄리 509,2020-11-24T08:10:08.000Z,카레맛집,애월읍
1517,https://www.instagram.com/p/CH917b6FuKE/,126.381106668339,33.4842446359284,제주특별자치도 제주시 애월읍 구엄리 509,2020-11-24T08:10:08.000Z,제주도민맛집,애월읍
1519,https://www.instagram.com/p/CH917b6FuKE/,126.381106668339,33.4842446359284,제주특별자치도 제주시 애월읍 구엄리 509,2020-11-24T08:10:08.000Z,제주맛집,애월읍
1520,https://www.instagram.com/p/CH917b6FuKE/,126.381106668339,33.4842446359284,제주특별자치도 제주시 애월읍 구엄리 509,2020-11-24T08:10:08.000Z,제주혼밥맛집,애월읍
1521,https://www.instagram.com/p/CH917b6FuKE/,126.381106668339,33.4842446359284,제주특별자치도 제주시 애월읍 구엄리 509,2020-11-24T08:10:08.000Z,제주맛집추천,애월읍
1522,https://www.instagram.com/p/CH917b6FuKE/,126.381106668339,33.4842446359284,제주특별자치도 제주시 애월읍 구엄리 509,2020-11-24T08:10:08.000Z,제주오션뷰맛집,애월읍
1527,https://www.instagram.com/p/CH917b6FuKE/,126.381106668339,33.4842446359284,제주특별자치도 제주시 애월읍 구엄리 509,2020-11-24T08:10:08.000Z,제주맛집추천,애월읍
1528,https://www.instagram.com/p/CH917b6FuKE/,126.381106668339,33.4842446359284,제주특별자치도 제주시 애월읍 구엄리 509,2020-11-24T08:10:08.000Z,제주도맛집,애월읍
1530,https://www.instagram.com/p/CH917b6FuKE/,126.381106668339,33.4842446359284,제주특별자치도 제주시 애월읍 구엄리 509,2020-11-24T08:10:08.000Z,제주맛집추천,애월읍
1533,https://www.instagram.com/p/CH917b6FuKE/,126.381106668339,33.4842446359284,제주특별자치도 제주시 애월읍 구엄리 509,2020-11-24T08:10:08.000Z,제주시맛집,애월읍
1534,https://www.instagram.com/p/CH917b6FuKE/,126.381106668339,33.4842446359284,제주특별자치도 제주시 애월읍 구엄리 509,2020-11-24T08:10:08.000Z,애월해안도로맛집,애월읍
1535,https://www.instagram.com/p/CH917b6FuKE/,126.381106668339,33.4842446359284,제주특별자치도 제주시 애월읍 구엄리 509,2020-11-24T08:10:08.000Z,제주애월맛집,애월읍
1536,https://www.instagram.com/p/CH917b6FuKE/,126.381106668339,33.4842446359284,제주특별자치도 제주시 애월읍 구엄리 509,2020-11-24T08:10:08.000Z,한림맛집,애월읍
1537,https://www.instagram.com/p/CH917b6FuKE/,126.381106668339,33.4842446359284,제주특별자치도 제주시 애월읍 구엄리 509,2020-11-24T08:10:08.000Z,한담맛집,애월읍
1538,https://www.instagram.com/p/CH917b6FuKE/,126.381106668339,33.4842446359284,제주특별자치도 제주시 애월읍 구엄리 509,2020-11-24T08:10:08.000Z,제주공항맛집,애월읍
1545,https://www.instagram.com/p/CH9152fFv9j/,126.36867872098,33.4781232943703,제주특별자치도 제주시 애월읍 신엄리 2719-3,2020-11-24T08:09:55.000Z,애월맛집,애월읍
1547,https://www.instagram.com/p/CH9152fFv9j/,126.36867872098,33.4781232943703,제주특별자치도 제주시 애월읍 신엄리 2719-3,2020-11-24T08:09:55.000Z,카레맛집,애월읍
1549,https://www.instagram.com/p/CH9152fFv9j/,126.36867872098,33.4781232943703,제주특별자치도 제주시 애월읍 신엄리 2719-3,2020-11-24T08:09:55.000Z,제주도민맛집,애월읍
1551,https://www.instagram.com/p/CH9152fFv9j/,126.36867872098,33.4781232943703,제주특별자치도 제주시 애월읍 신엄리 2719-3,2020-11-24T08:09:55.000Z,제주맛집,애월읍
1552,https://www.instagram.com/p/CH9152fFv9j/,126.36867872098,33.4781232943703,제주특별자치도 제주시 애월읍 신엄리 2719-3,2020-11-24T08:09:55.000Z,제주혼밥맛집,애월읍
1553,https://www.instagram.com/p/CH9152fFv9j/,126.36867872098,33.4781232943703,제주특별자치도 제주시 애월읍 신엄리 2719-3,2020-11-24T08:09:55.000Z,제주맛집추천,애월읍
1554,https://www.instagram.com/p/CH9152fFv9j/,126.36867872098,33.4781232943703,제주특별자치도 제주시 애월읍 신엄리 2719-3,2020-11-24T08:09:55.000Z,제주오션뷰맛집,애월읍
1559,https://www.instagram.com/p/CH9152fFv9j/,126.36867872098,33.4781232943703,제주특별자치도 제주시 애월읍 신엄리 2719-3,2020-11-24T08:09:55.000Z,제주맛집추천,애월읍
1560,https://www.instagram.com/p/CH9152fFv9j/,126.36867872098,33.4781232943703,제주특별자치도 제주시 애월읍 신엄리 2719-3,2020-11-24T08:09:55.000Z,제주도맛집,애월읍
1562,https://www.instagram.com/p/CH9152fFv9j/,126.36867872098,33.4781232943703,제주특별자치도 제주시 애월읍 신엄리 2719-3,2020-11-24T08:09:55.000Z,제주맛집추천,애월읍
1565,https://www.instagram.com/p/CH9152fFv9j/,126.36867872098,33.4781232943703,제주특별자치도 제주시 애월읍 신엄리 2719-3,2020-11-24T08:09:55.000Z,제주시맛집,애월읍
1566,https://www.instagram.com/p/CH9152fFv9j/,126.36867872098,33.4781232943703,제주특별자치도 제주시 애월읍 신엄리 2719-3,2020-11-24T08:09:55.000Z,애월해안도로맛집,애월읍
1567,https://www.instagram.com/p/CH9152fFv9j/,126.36867872098,33.4781232943703,제주특별자치도 제주시 애월읍 신엄리 2719-3,2020-11-24T08:09:55.000Z,제주애월맛집,애월읍
1568,https://www.instagram.com/p/CH9152fFv9j/,126.36867872098,33.4781232943703,제주특별자치도 제주시 애월읍 신엄리 2719-3,2020-11-24T08:09:55.000Z,한림맛집,애월읍
1569,https://www.instagram.com/p/CH9152fFv9j/,126.36867872098,33.4781232943703,제주특별자치도 제주시 애월읍 신엄리 2719-3,2020-11-24T08:09:55.000Z,한담맛집,애월읍
1570,https://www.instagram.com/p/CH9152fFv9j/,126.36867872098,33.4781232943703,제주특별자치도 제주시 애월읍 신엄리 2719-3,2020-11-24T08:09:55.000Z,제주공항맛집,애월읍
1577,https://www.instagram.com/p/CH914c2ldVp/,126.381106668339,33.4842446359284,제주특별자치도 제주시 애월읍 구엄리 509,2020-11-24T08:09:44.000Z,애월맛집,애월읍
1579,https://www.instagram.com/p/CH914c2ldVp/,126.381106668339,33.4842446359284,제주특별자치도 제주시 애월읍 구엄리 509,2020-11-24T08:09:44.000Z,카레맛집,애월읍
1581,https://www.instagram.com/p/CH914c2ldVp/,126.381106668339,33.4842446359284,제주특별자치도 제주시 애월읍 구엄리 509,2020-11-24T08:09:44.000Z,제주도민맛집,애월읍
1583,https://www.instagram.com/p/CH914c2ldVp/,126.381106668339,33.4842446359284,제주특별자치도 제주시 애월읍 구엄리 509,2020-11-24T08:09:44.000Z,제주맛집,애월읍
1584,https://www.instagram.com/p/CH914c2ldVp/,126.381106668339,33.4842446359284,제주특별자치도 제주시 애월읍 구엄리 509,2020-11-24T08:09:44.000Z,제주혼밥맛집,애월읍
1585,https://www.instagram.com/p/CH914c2ldVp/,126.381106668339,33.4842446359284,제주특별자치도 제주시 애월읍 구엄리 509,2020-11-24T08:09:44.000Z,제주맛집추천,애월읍
1586,https://www.instagram.com/p/CH914c2ldVp/,126.381106668339,33.4842446359284,제주특별자치도 제주시 애월읍 구엄리 509,2020-11-24T08:09:44.000Z,제주오션뷰맛집,애월읍
1591,https://www.instagram.com/p/CH914c2ldVp/,126.381106668339,33.4842446359284,제주특별자치도 제주시 애월읍 구엄리 509,2020-11-24T08:09:44.000Z,제주맛집추천,애월읍
1592,https://www.instagram.com/p/CH914c2ldVp/,126.381106668339,33.4842446359284,제주특별자치도 제주시 애월읍 구엄리 509,2020-11-24T08:09:44.000Z,제주도맛집,애월읍
1594,https://www.instagram.com/p/CH914c2ldVp/,126.381106668339,33.4842446359284,제주특별자치도 제주시 애월읍 구엄리 509,2020-11-24T08:09:44.000Z,제주맛집추천,애월읍
1597,https://www.instagram.com/p/CH914c2ldVp/,126.381106668339,33.4842446359284,제주특별자치도 제주시 애월읍 구엄리 509,2020-11-24T08:09:44.000Z,제주시맛집,애월읍
1598,https://www.instagram.com/p/CH914c2ldVp/,126.381106668339,33.4842446359284,제주특별자치도 제주시 애월읍 구엄리 509,2020-11-24T08:09:44.000Z,애월해안도로맛집,애월읍
1599,https://www.instagram.com/p/CH914c2ldVp/,126.381106668339,33.4842446359284,제주특별자치도 제주시 애월읍 구엄리 509,2020-11-24T08:09:44.000Z,제주애월맛집,애월읍
1600,https://www.instagram.com/p/CH914c2ldVp/,126.381106668339,33.4842446359284,제주특별자치도 제주시 애월읍 구엄리 509,2020-11-24T08:09:44.000Z,한림맛집,애월읍
1601,https://www.instagram.com/p/CH914c2ldVp/,126.381106668339,33.4842446359284,제주특별자치도 제주시 애월읍 구엄리 509,2020-11-24T08:09:44.000Z,한담맛집,애월읍
1602,https://www.instagram.com/p/CH914c2ldVp/,126.381106668339,33.4842446359284,제주특별자치도 제주시 애월읍 구엄리 509,2020-11-24T08:09:44.000Z,제주공항맛집,애월읍
1609,https://www.instagram.com/p/CH911_8FGWn/,126.381106668339,33.4842446359284,제주특별자치도 제주시 애월읍 구엄리 509,2020-11-24T08:09:24.000Z,애월맛집,애월읍
1611,https://www.instagram.com/p/CH911_8FGWn/,126.381106668339,33.4842446359284,제주특별자치도 제주시 애월읍 구엄리 509,2020-11-24T08:09:24.000Z,카레맛집,애월읍
1613,https://www.instagram.com/p/CH911_8FGWn/,126.381106668339,33.4842446359284,제주특별자치도 제주시 애월읍 구엄리 509,2020-11-24T08:09:24.000Z,제주도민맛집,애월읍
1615,https://www.instagram.com/p/CH911_8FGWn/,126.381106668339,33.4842446359284,제주특별자치도 제주시 애월읍 구엄리 509,2020-11-24T08:09:24.000Z,제주맛집,애월읍
1616,https://www.instagram.com/p/CH911_8FGWn/,126.381106668339,33.4842446359284,제주특별자치도 제주시 애월읍 구엄리 509,2020-11-24T08:09:24.000Z,제주혼밥맛집,애월읍
1617,https://www.instagram.com/p/CH911_8FGWn/,126.381106668339,33.4842446359284,제주특별자치도 제주시 애월읍 구엄리 509,2020-11-24T08:09:24.000Z,제주맛집추천,애월읍
1618,https://www.instagram.com/p/CH911_8FGWn/,126.381106668339,33.4842446359284,제주특별자치도 제주시 애월읍 구엄리 509,2020-11-24T08:09:24.000Z,제주오션뷰맛집,애월읍
1623,https://www.instagram.com/p/CH911_8FGWn/,126.381106668339,33.4842446359284,제주특별자치도 제주시 애월읍 구엄리 509,2020-11-24T08:09:24.000Z,제주맛집추천,애월읍
1624,https://www.instagram.com/p/CH911_8FGWn/,126.381106668339,33.4842446359284,제주특별자치도 제주시 애월읍 구엄리 509,2020-11-24T08:09:24.000Z,제주도맛집,애월읍
1626,https://www.instagram.com/p/CH911_8FGWn/,126.381106668339,33.4842446359284,제주특별자치도 제주시 애월읍 구엄리 509,2020-11-24T08:09:24.000Z,제주맛집추천,애월읍
1629,https://www.instagram.com/p/CH911_8FGWn/,126.381106668339,33.4842446359284,제주특별자치도 제주시 애월읍 구엄리 509,2020-11-24T08:09:24.000Z,제주시맛집,애월읍
1630,https://www.instagram.com/p/CH911_8FGWn/,126.381106668339,33.4842446359284,제주특별자치도 제주시 애월읍 구엄리 509,2020-11-24T08:09:24.000Z,애월해안도로맛집,애월읍
1631,https://www.instagram.com/p/CH911_8FGWn/,126.381106668339,33.4842446359284,제주특별자치도 제주시 애월읍 구엄리 509,2020-11-24T08:09:24.000Z,제주애월맛집,애월읍
1632,https://www.instagram.com/p/CH911_8FGWn/,126.381106668339,33.4842446359284,제주특별자치도 제주시 애월읍 구엄리 509,2020-11-24T08:09:24.000Z,한림맛집,애월읍
1633,https://www.instagram.com/p/CH911_8FGWn/,126.381106668339,33.4842446359284,제주특별자치도 제주시 애월읍 구엄리 509,2020-11-24T08:09:24.000Z,한담맛집,애월읍
1634,https://www.instagram.com/p/CH911_8FGWn/,126.381106668339,33.4842446359284,제주특별자치도 제주시 애월읍 구엄리 509,2020-11-24T08:09:24.000Z,제주공항맛집,애월읍
1641,https://www.instagram.com/p/CH910-pFSLP/,126.381106668339,33.4842446359284,제주특별자치도 제주시 애월읍 구엄리 509,2020-11-24T08:09:15.000Z,애월맛집,애월읍
1643,https://www.instagram.com/p/CH910-pFSLP/,126.381106668339,33.4842446359284,제주특별자치도 제주시 애월읍 구엄리 509,2020-11-24T08:09:15.000Z,카레맛집,애월읍
1645,https://www.instagram.com/p/CH910-pFSLP/,126.381106668339,33.4842446359284,제주특별자치도 제주시 애월읍 구엄리 509,2020-11-24T08:09:15.000Z,제주도민맛집,애월읍
1647,https://www.instagram.com/p/CH910-pFSLP/,126.381106668339,33.4842446359284,제주특별자치도 제주시 애월읍 구엄리 509,2020-11-24T08:09:15.000Z,제주맛집,애월읍
1648,https://www.instagram.com/p/CH910-pFSLP/,126.381106668339,33.4842446359284,제주특별자치도 제주시 애월읍 구엄리 509,2020-11-24T08:09:15.000Z,제주혼밥맛집,애월읍
1649,https://www.instagram.com/p/CH910-pFSLP/,126.381106668339,33.4842446359284,제주특별자치도 제주시 애월읍 구엄리 509,2020-11-24T08:09:15.000Z,제주맛집추천,애월읍
1650,https://www.instagram.com/p/CH910-pFSLP/,126.381106668339,33.4842446359284,제주특별자치도 제주시 애월읍 구엄리 509,2020-11-24T08:09:15.000Z,제주오션뷰맛집,애월읍
1655,https://www.instagram.com/p/CH910-pFSLP/,126.381106668339,33.4842446359284,제주특별자치도 제주시 애월읍 구엄리 509,2020-11-24T08:09:15.000Z,제주맛집추천,애월읍
1656,https://www.instagram.com/p/CH910-pFSLP/,126.381106668339,33.4842446359284,제주특별자치도 제주시 애월읍 구엄리 509,2020-11-24T08:09:15.000Z,제주도맛집,애월읍
1658,https://www.instagram.com/p/CH910-pFSLP/,126.381106668339,33.4842446359284,제주특별자치도 제주시 애월읍 구엄리 509,2020-11-24T08:09:15.000Z,제주맛집추천,애월읍
1661,https://www.instagram.com/p/CH910-pFSLP/,126.381106668339,33.4842446359284,제주특별자치도 제주시 애월읍 구엄리 509,2020-11-24T08:09:15.000Z,제주시맛집,애월읍
1662,https://www.instagram.com/p/CH910-pFSLP/,126.381106668339,33.4842446359284,제주특별자치도 제주시 애월읍 구엄리 509,2020-11-24T08:09:15.000Z,애월해안도로맛집,애월읍
1663,https://www.instagram.com/p/CH910-pFSLP/,126.381106668339,33.4842446359284,제주특별자치도 제주시 애월읍 구엄리 509,2020-11-24T08:09:15.000Z,제주애월맛집,애월읍
1664,https://www.instagram.com/p/CH910-pFSLP/,126.381106668339,33.4842446359284,제주특별자치도 제주시 애월읍 구엄리 509,2020-11-24T08:09:15.000Z,한림맛집,애월읍
1665,https://www.instagram.com/p/CH910-pFSLP/,126.381106668339,33.4842446359284,제주특별자치도 제주시 애월읍 구엄리 509,2020-11-24T08:09:15.000Z,한담맛집,애월읍
1666,https://www.instagram.com/p/CH910-pFSLP/,126.381106668339,33.4842446359284,제주특별자치도 제주시 애월읍 구엄리 509,2020-11-24T08:09:15.000Z,제주공항맛집,애월읍
1677,https://www.instagram.com/p/CH95M5mFDlU/,126.235909783148,33.2730177467281,제주특별자치도 서귀포시 대정읍 무릉리,2020-11-24T08:38:44.000Z,맛집,대정읍
1683,https://www.instagram.com/p/CH95M5mFDlU/,126.235909783148,33.2730177467281,제주특별자치도 서귀포시 대정읍 무릉리,2020-11-24T08:38:44.000Z,제주맛집,대정읍
1684,https://www.instagram.com/p/CH95M5mFDlU/,126.235909783148,33.2730177467281,제주특별자치도 서귀포시 대정읍 무릉리,2020-11-24T08:38:44.000Z,제주도맛집,대정읍
1685,https://www.instagram.com/p/CH95M5mFDlU/,126.235909783148,33.2730177467281,제주특별자치도 서귀포시 대정읍 무릉리,2020-11-24T08:38:44.000Z,제주맛집추천,대정읍
1686,https://www.instagram.com/p/CH95M5mFDlU/,126.235909783148,33.2730177467281,제주특별자치도 서귀포시 대정읍 무릉리,2020-11-24T08:38:44.000Z,제주도맛집추천,대정읍
1688,https://www.instagram.com/p/CH95M5mFDlU/,126.235909783148,33.2730177467281,제주특별자치도 서귀포시 대정읍 무릉리,2020-11-24T08:38:44.000Z,제주흑돼지맛집,대정읍
1690,https://www.instagram.com/p/CH95M5mFDlU/,126.235909783148,33.2730177467281,제주특별자치도 서귀포시 대정읍 무릉리,2020-11-24T08:38:44.000Z,제주도흑돼지맛집,대정읍
1691,https://www.instagram.com/p/CH95M5mFDlU/,126.235909783148,33.2730177467281,제주특별자치도 서귀포시 대정읍 무릉리,2020-11-24T08:38:44.000Z,서귀포맛집,대정읍
1693,https://www.instagram.com/p/CH95M5mFDlU/,126.235909783148,33.2730177467281,제주특별자치도 서귀포시 대정읍 무릉리,2020-11-24T08:38:44.000Z,서귀포흑돼지맛집,대정읍
1695,https://www.instagram.com/p/CH95M5mFDlU/,126.235909783148,33.2730177467281,제주특별자치도 서귀포시 대정읍 무릉리,2020-11-24T08:38:44.000Z,제주맛집투어,대정읍
1696,https://www.instagram.com/p/CH95M5mFDlU/,126.235909783148,33.2730177467281,제주특별자치도 서귀포시 대정읍 무릉리,2020-11-24T08:38:44.000Z,제주도맛집투어,대정읍
1697,https://www.instagram.com/p/CH95M5mFDlU/,126.235909783148,33.2730177467281,제주특별자치도 서귀포시 대정읍 무릉리,2020-11-24T08:38:44.000Z,최애맛집,대정읍
1701,https://www.instagram.com/p/CH95M5mFDlU/,126.235909783148,33.2730177467281,제주특별자치도 서귀포시 대정읍 무릉리,2020-11-24T08:38:44.000Z,제주도맛집여행,대정읍
1707,https://www.instagram.com/p/CH95IbNl8p6/,126.19098189638305,33.25746034468198,제주특별자치도 서귀포시 대정읍 무릉리 3815-1,2020-11-24T08:38:07.000Z,맛집,대정읍
1713,https://www.instagram.com/p/CH95IbNl8p6/,126.19098189638305,33.25746034468198,제주특별자치도 서귀포시 대정읍 무릉리 3815-1,2020-11-24T08:38:07.000Z,제주맛집,대정읍
1714,https://www.instagram.com/p/CH95IbNl8p6/,126.19098189638305,33.25746034468198,제주특별자치도 서귀포시 대정읍 무릉리 3815-1,2020-11-24T08:38:07.000Z,제주도맛집,대정읍
1715,https://www.instagram.com/p/CH95IbNl8p6/,126.19098189638305,33.25746034468198,제주특별자치도 서귀포시 대정읍 무릉리 3815-1,2020-11-24T08:38:07.000Z,제주맛집추천,대정읍
1716,https://www.instagram.com/p/CH95IbNl8p6/,126.19098189638305,33.25746034468198,제주특별자치도 서귀포시 대정읍 무릉리 3815-1,2020-11-24T08:38:07.000Z,제주도맛집추천,대정읍
1718,https://www.instagram.com/p/CH95IbNl8p6/,126.19098189638305,33.25746034468198,제주특별자치도 서귀포시 대정읍 무릉리 3815-1,2020-11-24T08:38:07.000Z,제주흑돼지맛집,대정읍
1720,https://www.instagram.com/p/CH95IbNl8p6/,126.19098189638305,33.25746034468198,제주특별자치도 서귀포시 대정읍 무릉리 3815-1,2020-11-24T08:38:07.000Z,제주도흑돼지맛집,대정읍
1721,https://www.instagram.com/p/CH95IbNl8p6/,126.19098189638305,33.25746034468198,제주특별자치도 서귀포시 대정읍 무릉리 3815-1,2020-11-24T08:38:07.000Z,서귀포맛집,대정읍
1723,https://www.instagram.com/p/CH95IbNl8p6/,126.19098189638305,33.25746034468198,제주특별자치도 서귀포시 대정읍 무릉리 3815-1,2020-11-24T08:38:07.000Z,서귀포흑돼지맛집,대정읍
1725,https://www.instagram.com/p/CH95IbNl8p6/,126.19098189638305,33.25746034468198,제주특별자치도 서귀포시 대정읍 무릉리 3815-1,2020-11-24T08:38:07.000Z,제주맛집투어,대정읍
1726,https://www.instagram.com/p/CH95IbNl8p6/,126.19098189638305,33.25746034468198,제주특별자치도 서귀포시 대정읍 무릉리 3815-1,2020-11-24T08:38:07.000Z,제주도맛집투어,대정읍
1727,https://www.instagram.com/p/CH95IbNl8p6/,126.19098189638305,33.25746034468198,제주특별자치도 서귀포시 대정읍 무릉리 3815-1,2020-11-24T08:38:07.000Z,최애맛집,대정읍
1731,https://www.instagram.com/p/CH95IbNl8p6/,126.19098189638305,33.25746034468198,제주특별자치도 서귀포시 대정읍 무릉리 3815-1,2020-11-24T08:38:07.000Z,제주도맛집여행,대정읍
1740,https://www.instagram.com/p/CH95CTUAPJl/,126.918199053612,33.4399179214926,제주특별자치도 서귀포시 성산읍 고성리 485-1,2020-11-24T08:37:17.000Z,제주맛집추천,성산읍
1746,https://www.instagram.com/p/CH95CTUAPJl/,126.918199053612,33.4399179214926,제주특별자치도 서귀포시 성산읍 고성리 485-1,2020-11-24T08:37:17.000Z,제주맛집,성산읍
1747,https://www.instagram.com/p/CH95CTUAPJl/,126.918199053612,33.4399179214926,제주특별자치도 서귀포시 성산읍 고성리 485-1,2020-11-24T08:37:17.000Z,성산맛집,성산읍
1770,https://www.instagram.com/p/CH94_Y7giDB/,126.918199053612,33.4399179214926,제주특별자치도 서귀포시 성산읍 고성리 485-1,2020-11-24T08:36:53.000Z,제주맛집추천,성산읍
1776,https://www.instagram.com/p/CH94_Y7giDB/,126.918199053612,33.4399179214926,제주특별자치도 서귀포시 성산읍 고성리 485-1,2020-11-24T08:36:53.000Z,제주맛집,성산읍
1777,https://www.instagram.com/p/CH94_Y7giDB/,126.918199053612,33.4399179214926,제주특별자치도 서귀포시 성산읍 고성리 485-1,2020-11-24T08:36:53.000Z,성산맛집,성산읍
1796,https://www.instagram.com/p/CH94--ODm8p/,126.774018571495,33.4684714634794,제주특별자치도 제주시 구좌읍 송당리 1581-1,2020-11-24T08:36:50.000Z,송당리맛집,구좌읍
1800,https://www.instagram.com/p/CH94--ODm8p/,126.774018571495,33.4684714634794,제주특별자치도 제주시 구좌읍 송당리 1581-1,2020-11-24T08:36:50.000Z,제주맛집,구좌읍
1806,https://www.instagram.com/p/CH94--ODm8p/,126.774018571495,33.4684714634794,제주특별자치도 제주시 구좌읍 송당리 1581-1,2020-11-24T08:36:50.000Z,도민맛집,구좌읍
1807,https://www.instagram.com/p/CH94--ODm8p/,126.774018571495,33.4684714634794,제주특별자치도 제주시 구좌읍 송당리 1581-1,2020-11-24T08:36:50.000Z,맛집탐방,구좌읍
1809,https://www.instagram.com/p/CH94--ODm8p/,126.774018571495,33.4684714634794,제주특별자치도 제주시 구좌읍 송당리 1581-1,2020-11-24T08:36:50.000Z,제주현지인맛집,구좌읍
1811,https://www.instagram.com/p/CH94--ODm8p/,126.774018571495,33.4684714634794,제주특별자치도 제주시 구좌읍 송당리 1581-1,2020-11-24T08:36:50.000Z,제주시맛집,구좌읍
1812,https://www.instagram.com/p/CH94--ODm8p/,126.774018571495,33.4684714634794,제주특별자치도 제주시 구좌읍 송당리 1581-1,2020-11-24T08:36:50.000Z,서귀포맛집,구좌읍
1821,https://www.instagram.com/p/CH94-auAIAm/,126.918199053612,33.4399179214926,제주특별자치도 서귀포시 성산읍 고성리 485-1,2020-11-24T08:36:46.000Z,제주맛집추천,성산읍
1827,https://www.instagram.com/p/CH94-auAIAm/,126.918199053612,33.4399179214926,제주특별자치도 서귀포시 성산읍 고성리 485-1,2020-11-24T08:36:46.000Z,제주맛집,성산읍
1828,https://www.instagram.com/p/CH94-auAIAm/,126.918199053612,33.4399179214926,제주특별자치도 서귀포시 성산읍 고성리 485-1,2020-11-24T08:36:46.000Z,성산맛집,성산읍
1989,https://www.instagram.com/p/CH94HG8h7kp/,126.873289850307,33.3774305792331,제주특별자치도 서귀포시 성산읍 신산리 1073-9,2020-11-24T08:29:12.000Z,성산맛집,성산읍
1990,https://www.instagram.com/p/CH94HG8h7kp/,126.873289850307,33.3774305792331,제주특별자치도 서귀포시 성산읍 신산리 1073-9,2020-11-24T08:29:12.000Z,표선맛집,성산읍
1991,https://www.instagram.com/p/CH94HG8h7kp/,126.873289850307,33.3774305792331,제주특별자치도 서귀포시 성산읍 신산리 1073-9,2020-11-24T08:29:12.000Z,하도리맛집,성산읍
1992,https://www.instagram.com/p/CH94HG8h7kp/,126.873289850307,33.3774305792331,제주특별자치도 서귀포시 성산읍 신산리 1073-9,2020-11-24T08:29:12.000Z,중문맛집,성산읍
1993,https://www.instagram.com/p/CH94HG8h7kp/,126.873289850307,33.3774305792331,제주특별자치도 서귀포시 성산읍 신산리 1073-9,2020-11-24T08:29:12.000Z,성산일출봉맛집,성산읍
1997,https://www.instagram.com/p/CH94HG8h7kp/,126.873289850307,33.3774305792331,제주특별자치도 서귀포시 성산읍 신산리 1073-9,2020-11-24T08:29:12.000Z,신산리맛집,성산읍
2073,https://www.instagram.com/p/CH97YT5jd34/,126.26739782896999,33.41429832362196,제주특별자치도 제주시 한림읍 한림리 1034-1,2020-11-24T08:57:46.000Z,한림맛집,한림읍
2075,https://www.instagram.com/p/CH97YT5jd34/,126.26739782896999,33.41429832362196,제주특별자치도 제주시 한림읍 한림리 1034-1,2020-11-24T08:57:46.000Z,제주맛집,한림읍
2090,https://www.instagram.com/p/CH97AIgJKVw/,126.490900288636,33.4784583869864,제주특별자치도 제주시 연동 1523,2020-11-24T08:54:28.000Z,구름맛집,연동
2123,https://www.instagram.com/p/CH96fdQg-m-/,126.562699378254,33.4469745681299,제주특별자치도 제주시 아라일동 6-27,2020-11-24T08:53:59.000Z,제주맛집,아라1동
2159,https://www.instagram.com/p/CH96vy6AnCp/,126.439143424129,33.2376824003392,제주특별자치도 서귀포시 대포동,2020-11-24T08:52:14.000Z,노을맛집,대포동
2188,https://www.instagram.com/p/CH96dL_AONV/,126.918199053612,33.4399179214926,제주특별자치도 서귀포시 성산읍 고성리 485-1,2020-11-24T08:49:42.000Z,제주맛집추천,성산읍
2194,https://www.instagram.com/p/CH96dL_AONV/,126.918199053612,33.4399179214926,제주특별자치도 서귀포시 성산읍 고성리 485-1,2020-11-24T08:49:42.000Z,제주맛집,성산읍
2195,https://www.instagram.com/p/CH96dL_AONV/,126.918199053612,33.4399179214926,제주특별자치도 서귀포시 성산읍 고성리 485-1,2020-11-24T08:49:42.000Z,성산맛집,성산읍
2298,https://www.instagram.com/p/CH988u1jKO4/,126.852459649813,33.5192201218977,제주특별자치도 제주시 구좌읍 세화리 1164-1,2020-11-24T09:11:29.000Z,제주맛집,구좌읍
2310,https://www.instagram.com/p/CH987zFgOXa/,126.918199053612,33.4399179214926,제주특별자치도 서귀포시 성산읍 고성리 485-1,2020-11-24T09:11:21.000Z,제주맛집추천,성산읍
2316,https://www.instagram.com/p/CH987zFgOXa/,126.918199053612,33.4399179214926,제주특별자치도 서귀포시 성산읍 고성리 485-1,2020-11-24T09:11:21.000Z,제주맛집,성산읍
2317,https://www.instagram.com/p/CH987zFgOXa/,126.918199053612,33.4399179214926,제주특별자치도 서귀포시 성산읍 고성리 485-1,2020-11-24T09:11:21.000Z,성산맛집,성산읍
2375,https://www.instagram.com/p/CH983efAK1-/,126.918199053612,33.4399179214926,제주특별자치도 서귀포시 성산읍 고성리 485-1,2020-11-24T09:10:46.000Z,제주맛집추천,성산읍
2381,https://www.instagram.com/p/CH983efAK1-/,126.918199053612,33.4399179214926,제주특별자치도 서귀포시 성산읍 고성리 485-1,2020-11-24T09:10:46.000Z,제주맛집,성산읍
2382,https://www.instagram.com/p/CH983efAK1-/,126.918199053612,33.4399179214926,제주특별자치도 서귀포시 성산읍 고성리 485-1,2020-11-24T09:10:46.000Z,성산맛집,성산읍
2472,https://www.instagram.com/p/CH98kAMjtaq/,126.303287850538,33.2278027640613,제주특별자치도 서귀포시 안덕면 사계리 2147-1,2020-11-24T09:08:23.000Z,카페맛집,안덕면
2490,https://www.instagram.com/p/CH-AL9ZFpo9/,126.36867872098,33.4781232943703,제주특별자치도 제주시 애월읍 신엄리 2719-3,2020-11-24T09:39:46.000Z,애월해안도로맛집,애월읍
2498,https://www.instagram.com/p/CH-AL9ZFpo9/,126.36867872098,33.4781232943703,제주특별자치도 제주시 애월읍 신엄리 2719-3,2020-11-24T09:39:46.000Z,도민맛집,애월읍
2517,https://www.instagram.com/p/CH9__bOgfCn/,126.493362287994,33.4835678868142,제주특별자치도 제주시 연동 296-7,2020-11-24T09:38:54.000Z,제주도흑우맛집,연동
2518,https://www.instagram.com/p/CH9__bOgfCn/,126.493362287994,33.4835678868142,제주특별자치도 제주시 연동 296-7,2020-11-24T09:38:54.000Z,흑우맛집,연동
2519,https://www.instagram.com/p/CH9__bOgfCn/,126.493362287994,33.4835678868142,제주특별자치도 제주시 연동 296-7,2020-11-24T09:38:54.000Z,제주흑우맛집,연동
2521,https://www.instagram.com/p/CH9__bOgfCn/,126.493362287994,33.4835678868142,제주특별자치도 제주시 연동 296-7,2020-11-24T09:38:54.000Z,제주공항근처맛집,연동
2524,https://www.instagram.com/p/CH9__bOgfCn/,126.493362287994,33.4835678868142,제주특별자치도 제주시 연동 296-7,2020-11-24T09:38:54.000Z,제주도맛집,연동
2525,https://www.instagram.com/p/CH9__bOgfCn/,126.493362287994,33.4835678868142,제주특별자치도 제주시 연동 296-7,2020-11-24T09:38:54.000Z,제주맛집,연동
2531,https://www.instagram.com/p/CH9__bOgfCn/,126.493362287994,33.4835678868142,제주특별자치도 제주시 연동 296-7,2020-11-24T09:38:54.000Z,도민맛집,연동
2571,https://www.instagram.com/p/CH9_w6qDblb/,126.562927484565,33.2465677180323,제주특별자치도 서귀포시 서귀동 496-18,2020-11-24T09:36:05.000Z,서귀포맛집,서귀동
2579,https://www.instagram.com/p/CH9_w6qDblb/,126.562927484565,33.2465677180323,제주특별자치도 서귀포시 서귀동 496-18,2020-11-24T09:36:05.000Z,도민맛집,서귀동
2604,https://www.instagram.com/p/CH9_n8CFBl6/,126.47309812355947,33.48105089567015,제주특별자치도 제주시 노형동 3806-5,2020-11-24T09:34:51.000Z,도민맛집,노형동
2613,https://www.instagram.com/p/CH9_iBuHhkO/,126.25100729349,33.2189264451744,제주특별자치도 서귀포시 대정읍 하모리 770-9,2020-11-24T09:34:03.000Z,부두식당,대정읍
2617,https://www.instagram.com/p/CH9_iBuHhkO/,126.25100729349,33.2189264451744,제주특별자치도 서귀포시 대정읍 하모리 770-9,2020-11-24T09:34:03.000Z,방어맛집,대정읍
2618,https://www.instagram.com/p/CH9_iBuHhkO/,126.25100729349,33.2189264451744,제주특별자치도 서귀포시 대정읍 하모리 770-9,2020-11-24T09:34:03.000Z,대방어맛집,대정읍
2628,https://www.instagram.com/p/CH9_iBuHhkO/,126.25100729349,33.2189264451744,제주특별자치도 서귀포시 대정읍 하모리 770-9,2020-11-24T09:34:03.000Z,제주도방어맛집,대정읍
2635,https://www.instagram.com/p/CH9_iBuHhkO/,126.25100729349,33.2189264451744,제주특별자치도 서귀포시 대정읍 하모리 770-9,2020-11-24T09:34:03.000Z,도민맛집,대정읍
2715,https://www.instagram.com/p/CH9_IT5Bs4W/,126.94374285460731,33.50261826862432,제주특별자치도 제주시 우도면 연평리 2516-2,2020-11-24T09:30:32.000Z,짬뽕맛집,우도면
2731,https://www.instagram.com/p/CH9_IMIBy-0/,126.873289850307,33.3774305792331,제주특별자치도 서귀포시 성산읍 신산리 1073-9,2020-11-24T09:30:31.000Z,성산맛집,성산읍
2732,https://www.instagram.com/p/CH9_IMIBy-0/,126.873289850307,33.3774305792331,제주특별자치도 서귀포시 성산읍 신산리 1073-9,2020-11-24T09:30:31.000Z,서귀포맛집,성산읍
2733,https://www.instagram.com/p/CH9_IMIBy-0/,126.873289850307,33.3774305792331,제주특별자치도 서귀포시 성산읍 신산리 1073-9,2020-11-24T09:30:31.000Z,애월맛집,성산읍
2734,https://www.instagram.com/p/CH9_IMIBy-0/,126.873289850307,33.3774305792331,제주특별자치도 서귀포시 성산읍 신산리 1073-9,2020-11-24T09:30:31.000Z,한담맛집,성산읍
2735,https://www.instagram.com/p/CH9_IMIBy-0/,126.873289850307,33.3774305792331,제주특별자치도 서귀포시 성산읍 신산리 1073-9,2020-11-24T09:30:31.000Z,곽지맛집,성산읍
2736,https://www.instagram.com/p/CH9_IMIBy-0/,126.873289850307,33.3774305792331,제주특별자치도 서귀포시 성산읍 신산리 1073-9,2020-11-24T09:30:31.000Z,협재맛집,성산읍
2737,https://www.instagram.com/p/CH9_IMIBy-0/,126.873289850307,33.3774305792331,제주특별자치도 서귀포시 성산읍 신산리 1073-9,2020-11-24T09:30:31.000Z,한림맛집,성산읍
2738,https://www.instagram.com/p/CH9_IMIBy-0/,126.873289850307,33.3774305792331,제주특별자치도 서귀포시 성산읍 신산리 1073-9,2020-11-24T09:30:31.000Z,대정맛집,성산읍
2749,https://www.instagram.com/p/CH9-36qjdVX/,126.24216053732899,33.395604683838634,제주특별자치도 제주시 한림읍 협재리 1728,2020-11-24T09:28:28.000Z,협재맛집,한림읍
2756,https://www.instagram.com/p/CH9-36qjdVX/,126.24216053732899,33.395604683838634,제주특별자치도 제주시 한림읍 협재리 1728,2020-11-24T09:28:28.000Z,제주맛집,한림읍
2772,https://www.instagram.com/p/CH9-yUkp_3R/,126.30917383944714,33.46359065428745,제주특별자치도 제주시 애월읍 애월리 2550-2,2020-11-24T09:27:32.000Z,제주시맛집,애월읍
2776,https://www.instagram.com/p/CH9-yUkp_3R/,126.30917383944714,33.46359065428745,제주특별자치도 제주시 애월읍 애월리 2550-2,2020-11-24T09:27:32.000Z,제주도맛집,애월읍
2780,https://www.instagram.com/p/CH9-yUkp_3R/,126.30917383944714,33.46359065428745,제주특별자치도 제주시 애월읍 애월리 2550-2,2020-11-24T09:27:32.000Z,제주맛집,애월읍
2838,https://www.instagram.com/p/CH-ChNtj6lZ/,126.532326222913,33.4760322387748,제주특별자치도 제주시 아라일동 2898-2,2020-11-24T10:00:09.000Z,도민맛집,아라1동
2842,https://www.instagram.com/p/CH-ChNtj6lZ/,126.532326222913,33.4760322387748,제주특별자치도 제주시 아라일동 2898-2,2020-11-24T10:00:09.000Z,제주맛집,아라1동
2844,https://www.instagram.com/p/CH-ChNtj6lZ/,126.532326222913,33.4760322387748,제주특별자치도 제주시 아라일동 2898-2,2020-11-24T10:00:09.000Z,제주도민맛집,아라1동
2845,https://www.instagram.com/p/CH-ChNtj6lZ/,126.532326222913,33.4760322387748,제주특별자치도 제주시 아라일동 2898-2,2020-11-24T10:00:09.000Z,제주시맛집,아라1동
2846,https://www.instagram.com/p/CH-ChNtj6lZ/,126.532326222913,33.4760322387748,제주특별자치도 제주시 아라일동 2898-2,2020-11-24T10:00:09.000Z,제주맛집,아라1동
2847,https://www.instagram.com/p/CH-ChNtj6lZ/,126.532326222913,33.4760322387748,제주특별자치도 제주시 아라일동 2898-2,2020-11-24T10:00:09.000Z,제주도맛집,아라1동
2848,https://www.instagram.com/p/CH-ChNtj6lZ/,126.532326222913,33.4760322387748,제주특별자치도 제주시 아라일동 2898-2,2020-11-24T10:00:09.000Z,제주도청맛집,아라1동
2850,https://www.instagram.com/p/CH-ChNtj6lZ/,126.532326222913,33.4760322387748,제주특별자치도 제주시 아라일동 2898-2,2020-11-24T10:00:09.000Z,연동맛집,아라1동
3020,https://www.instagram.com/p/CH-BROyB7At/,126.249810687304,33.2178625441496,제주특별자치도 서귀포시 대정읍 하모리 770-50,2020-11-24T09:49:14.000Z,만선식당,대정읍
3024,https://www.instagram.com/p/CH-BROyB7At/,126.249810687304,33.2178625441496,제주특별자치도 서귀포시 대정읍 하모리 770-50,2020-11-24T09:49:14.000Z,수희식당,대정읍
3090,https://www.instagram.com/p/CH-EFT7jgp7/,126.79328046831104,33.5561956278273,제주특별자치도 제주시 구좌읍 월정리 594,2020-11-24T10:13:49.000Z,월정리맛집,구좌읍
3097,https://www.instagram.com/p/CH-EFT7jgp7/,126.79328046831104,33.5561956278273,제주특별자치도 제주시 구좌읍 월정리 594,2020-11-24T10:13:49.000Z,제주맛집,구좌읍
3099,https://www.instagram.com/p/CH-EFT7jgp7/,126.79328046831104,33.5561956278273,제주특별자치도 제주시 구좌읍 월정리 594,2020-11-24T10:13:49.000Z,월정리맛집,구좌읍
3133,https://www.instagram.com/p/CH-D1xqlR8H/,126.40716457908,33.2588962209144,제주특별자치도 서귀포시 색달동 2156-2,2020-11-24T10:11:42.000Z,맛집,색달동
3184,https://www.instagram.com/p/CH-Do8hhZS2/,126.5319874418984,33.4942161254994,제주특별자치도 제주시 이도이동 1020-12,2020-11-24T10:09:57.000Z,누룽지식당,이도2동
3211,https://www.instagram.com/p/CH-DjzzHAaZ/,126.36867872098,33.4781232943703,제주특별자치도 제주시 애월읍 신엄리 2719-3,2020-11-24T10:09:15.000Z,제주도애월맛집,애월읍
3213,https://www.instagram.com/p/CH-DjzzHAaZ/,126.36867872098,33.4781232943703,제주특별자치도 제주시 애월읍 신엄리 2719-3,2020-11-24T10:09:15.000Z,애월맛집,애월읍
3215,https://www.instagram.com/p/CH-DjzzHAaZ/,126.36867872098,33.4781232943703,제주특별자치도 제주시 애월읍 신엄리 2719-3,2020-11-24T10:09:15.000Z,제주맛집,애월읍
3217,https://www.instagram.com/p/CH-DjzzHAaZ/,126.36867872098,33.4781232943703,제주특별자치도 제주시 애월읍 신엄리 2719-3,2020-11-24T10:09:15.000Z,산방산맛집,애월읍
3218,https://www.instagram.com/p/CH-DjzzHAaZ/,126.36867872098,33.4781232943703,제주특별자치도 제주시 애월읍 신엄리 2719-3,2020-11-24T10:09:15.000Z,곽지해수욕장맛집,애월읍
3220,https://www.instagram.com/p/CH-DjzzHAaZ/,126.36867872098,33.4781232943703,제주특별자치도 제주시 애월읍 신엄리 2719-3,2020-11-24T10:09:15.000Z,제주시맛집,애월읍
3221,https://www.instagram.com/p/CH-DjzzHAaZ/,126.36867872098,33.4781232943703,제주특별자치도 제주시 애월읍 신엄리 2719-3,2020-11-24T10:09:15.000Z,한경면맛집,애월읍
3222,https://www.instagram.com/p/CH-DjzzHAaZ/,126.36867872098,33.4781232943703,제주특별자치도 제주시 애월읍 신엄리 2719-3,2020-11-24T10:09:15.000Z,협재맛집,애월읍
3225,https://www.instagram.com/p/CH-DjzzHAaZ/,126.36867872098,33.4781232943703,제주특별자치도 제주시 애월읍 신엄리 2719-3,2020-11-24T10:09:15.000Z,곽지맛집,애월읍
3226,https://www.instagram.com/p/CH-DjzzHAaZ/,126.36867872098,33.4781232943703,제주특별자치도 제주시 애월읍 신엄리 2719-3,2020-11-24T10:09:15.000Z,제주도중문맛집,애월읍
3227,https://www.instagram.com/p/CH-DjzzHAaZ/,126.36867872098,33.4781232943703,제주특별자치도 제주시 애월읍 신엄리 2719-3,2020-11-24T10:09:15.000Z,제주도맛집추천,애월읍
3228,https://www.instagram.com/p/CH-DjzzHAaZ/,126.36867872098,33.4781232943703,제주특별자치도 제주시 애월읍 신엄리 2719-3,2020-11-24T10:09:15.000Z,제주공항근처맛집,애월읍
3229,https://www.instagram.com/p/CH-DjzzHAaZ/,126.36867872098,33.4781232943703,제주특별자치도 제주시 애월읍 신엄리 2719-3,2020-11-24T10:09:15.000Z,제주도맛집,애월읍
3231,https://www.instagram.com/p/CH-DjzzHAaZ/,126.36867872098,33.4781232943703,제주특별자치도 제주시 애월읍 신엄리 2719-3,2020-11-24T10:09:15.000Z,협재해수욕장맛집,애월읍
3262,https://www.instagram.com/p/CH-G0alr17v/,126.327321076199,33.3477698762559,제주특별자치도 제주시 한림읍 금악리 142,2020-11-24T10:37:44.000Z,제주맛집,한림읍
3265,https://www.instagram.com/p/CH-G0alr17v/,126.327321076199,33.3477698762559,제주특별자치도 제주시 한림읍 금악리 142,2020-11-24T10:37:44.000Z,제주도맛집,한림읍
3388,https://www.instagram.com/p/CH-JS-cD8Ps/,126.79328046831104,33.5561956278273,제주특별자치도 제주시 구좌읍 월정리 594,2020-11-24T10:59:23.000Z,월정리맛집,구좌읍
3395,https://www.instagram.com/p/CH-JS-cD8Ps/,126.79328046831104,33.5561956278273,제주특별자치도 제주시 구좌읍 월정리 594,2020-11-24T10:59:23.000Z,제주귤맛집,구좌읍
3396,https://www.instagram.com/p/CH-JS-cD8Ps/,126.79328046831104,33.5561956278273,제주특별자치도 제주시 구좌읍 월정리 594,2020-11-24T10:59:23.000Z,제주뷰맛집,구좌읍
3471,https://www.instagram.com/p/CH-IXQeDSuT/,126.79328046831104,33.5561956278273,제주특별자치도 제주시 구좌읍 월정리 594,2020-11-24T10:51:13.000Z,월정리맛집,구좌읍
3477,https://www.instagram.com/p/CH-IXQeDSuT/,126.79328046831104,33.5561956278273,제주특별자치도 제주시 구좌읍 월정리 594,2020-11-24T10:51:13.000Z,제주귤맛집,구좌읍
3478,https://www.instagram.com/p/CH-IXQeDSuT/,126.79328046831104,33.5561956278273,제주특별자치도 제주시 구좌읍 월정리 594,2020-11-24T10:51:13.000Z,제주뷰맛집,구좌읍
3503,https://www.instagram.com/p/CH-IIHqA_Ju/,126.439341083568,33.4608856490895,제주특별자치도 제주시 애월읍 광령리,2020-11-24T10:49:18.000Z,일몰맛집,애월읍
3590,https://www.instagram.com/p/CH-K4tHDjN3/,126.49997788749076,33.48794223580885,제주특별자치도 제주시 연동 322-28,2020-11-24T11:13:16.000Z,로컬맛집,연동
3591,https://www.instagram.com/p/CH-K4tHDjN3/,126.49997788749076,33.48794223580885,제주특별자치도 제주시 연동 322-28,2020-11-24T11:13:16.000Z,제주맛집,연동
3592,https://www.instagram.com/p/CH-K4tHDjN3/,126.49997788749076,33.48794223580885,제주특별자치도 제주시 연동 322-28,2020-11-24T11:13:16.000Z,제주공항맛집,연동
3632,https://www.instagram.com/p/CH-KViHDnNa/,126.53261178663291,33.243399160632066,제주특별자치도 서귀포시 호근동 1559-2,2020-11-24T11:08:28.000Z,자연스러운식당,호근동
3672,https://www.instagram.com/p/CH-NgLzhq8Q/,126.66516761540008,33.5425935168826,제주특별자치도 제주시 조천읍 함덕리 1252-55,2020-11-24T11:36:08.000Z,맛집,조천읍
3729,https://www.instagram.com/p/CH-CyJwhATp/,126.208073508408,33.3645034359109,제주특별자치도 제주시 한경면 판포리 1759,2020-11-24T10:02:28.000Z,제주장진우식당,한경면
3731,https://www.instagram.com/p/CH-CyJwhATp/,126.208073508408,33.3645034359109,제주특별자치도 제주시 한경면 판포리 1759,2020-11-24T10:02:28.000Z,장진우식당,한경면
3735,https://www.instagram.com/p/CH-CyJwhATp/,126.208073508408,33.3645034359109,제주특별자치도 제주시 한경면 판포리 1759,2020-11-24T10:02:28.000Z,맛집,한경면
3750,https://www.instagram.com/p/CH-CyJwhATp/,126.208073508408,33.3645034359109,제주특별자치도 제주시 한경면 판포리 1759,2020-11-24T10:02:28.000Z,제주맛집,한경면
3761,https://www.instagram.com/p/CH-M4_thei3/,126.812424476454,33.3079427982969,제주특별자치도 서귀포시 표선면 표선리 2919,2020-11-24T11:30:47.000Z,제주맛집,표선면
3763,https://www.instagram.com/p/CH-M4_thei3/,126.812424476454,33.3079427982969,제주특별자치도 서귀포시 표선면 표선리 2919,2020-11-24T11:30:47.000Z,맛집스타그램,표선면
3765,https://www.instagram.com/p/CH-MvOkD-tg/,126.3249561661,33.2420271360949,제주특별자치도 서귀포시 안덕면 화순리 2021,2020-11-24T11:29:40.000Z,산방산맛집,안덕면
3878,https://www.instagram.com/p/CH-P67jD3vg/,126.78791509734609,33.304819808349805,제주특별자치도 서귀포시 표선면 표선리,2020-11-24T11:57:16.000Z,제주맛집,표선면
3879,https://www.instagram.com/p/CH-P67jD3vg/,126.78791509734609,33.304819808349805,제주특별자치도 서귀포시 표선면 표선리,2020-11-24T11:57:16.000Z,서귀포맛집,표선면
3880,https://www.instagram.com/p/CH-P67jD3vg/,126.78791509734609,33.304819808349805,제주특별자치도 서귀포시 표선면 표선리,2020-11-24T11:57:16.000Z,표선맛집,표선면
3882,https://www.instagram.com/p/CH-P67jD3vg/,126.78791509734609,33.304819808349805,제주특별자치도 서귀포시 표선면 표선리,2020-11-24T11:57:16.000Z,표선보쌈맛집,표선면
3884,https://www.instagram.com/p/CH-P67jD3vg/,126.78791509734609,33.304819808349805,제주특별자치도 서귀포시 표선면 표선리,2020-11-24T11:57:16.000Z,해비치맛집,표선면
3885,https://www.instagram.com/p/CH-P67jD3vg/,126.78791509734609,33.304819808349805,제주특별자치도 서귀포시 표선면 표선리,2020-11-24T11:57:16.000Z,표선배달맛집,표선면
3891,https://www.instagram.com/p/CH-P67jD3vg/,126.78791509734609,33.304819808349805,제주특별자치도 서귀포시 표선면 표선리,2020-11-24T11:57:16.000Z,표선해비치맛집,표선면
3892,https://www.instagram.com/p/CH-P67jD3vg/,126.78791509734609,33.304819808349805,제주특별자치도 서귀포시 표선면 표선리,2020-11-24T11:57:16.000Z,해비치호텔맛집,표선면
3893,https://www.instagram.com/p/CH-P67jD3vg/,126.78791509734609,33.304819808349805,제주특별자치도 서귀포시 표선면 표선리,2020-11-24T11:57:16.000Z,표선해수욕장맛집,표선면
4062,https://www.instagram.com/p/CH-SSD6jS_9/,126.311651375914,33.4626081855416,제주특별자치도 제주시 애월읍 애월리 2501-1,2020-11-24T12:18:02.000Z,이태리식당,애월읍
4063,https://www.instagram.com/p/CH-SSD6jS_9/,126.311651375914,33.4626081855416,제주특별자치도 제주시 애월읍 애월리 2501-1,2020-11-24T12:18:02.000Z,제주맛집,애월읍
4064,https://www.instagram.com/p/CH-SSD6jS_9/,126.311651375914,33.4626081855416,제주특별자치도 제주시 애월읍 애월리 2501-1,2020-11-24T12:18:02.000Z,애월맛집,애월읍
4065,https://www.instagram.com/p/CH-SSD6jS_9/,126.311651375914,33.4626081855416,제주특별자치도 제주시 애월읍 애월리 2501-1,2020-11-24T12:18:02.000Z,한담맛집,애월읍
4066,https://www.instagram.com/p/CH-SSD6jS_9/,126.311651375914,33.4626081855416,제주특별자치도 제주시 애월읍 애월리 2501-1,2020-11-24T12:18:02.000Z,곽지맛집,애월읍
4073,https://www.instagram.com/p/CH-SSD6jS_9/,126.311651375914,33.4626081855416,제주특별자치도 제주시 애월읍 애월리 2501-1,2020-11-24T12:18:02.000Z,한담맛집,애월읍
4079,https://www.instagram.com/p/CH-SSD6jS_9/,126.311651375914,33.4626081855416,제주특별자치도 제주시 애월읍 애월리 2501-1,2020-11-24T12:18:02.000Z,노을맛집,애월읍
4087,https://www.instagram.com/p/CH-SPTmliAK/,126.40716457908,33.2588962209144,제주특별자치도 서귀포시 색달동 2156-2,2020-11-24T12:17:31.000Z,맛집,색달동
4104,https://www.instagram.com/p/CH-SNKBpxpE/,126.439341083568,33.4608856490895,제주특별자치도 제주시 애월읍 광령리,2020-11-24T12:17:13.000Z,스콘맛집,애월읍
4119,https://www.instagram.com/p/CH-R_x6r2j4/,126.327321076199,33.3477698762559,제주특별자치도 제주시 한림읍 금악리 142,2020-11-24T12:15:24.000Z,제주맛집,한림읍
4122,https://www.instagram.com/p/CH-R_x6r2j4/,126.327321076199,33.3477698762559,제주특별자치도 제주시 한림읍 금악리 142,2020-11-24T12:15:24.000Z,제주도맛집,한림읍
4199,https://www.instagram.com/p/CH-RZ82HdC7/,126.414441603689,33.2574763874152,제주특별자치도 서귀포시 색달동 2312-1,2020-11-24T12:10:14.000Z,중문맛집,색달동
4200,https://www.instagram.com/p/CH-RZ82HdC7/,126.414441603689,33.2574763874152,제주특별자치도 서귀포시 색달동 2312-1,2020-11-24T12:10:14.000Z,제주맛집,색달동
4201,https://www.instagram.com/p/CH-RZ82HdC7/,126.414441603689,33.2574763874152,제주특별자치도 서귀포시 색달동 2312-1,2020-11-24T12:10:14.000Z,흑돼지맛집,색달동
4202,https://www.instagram.com/p/CH-RZ82HdC7/,126.414441603689,33.2574763874152,제주특별자치도 서귀포시 색달동 2312-1,2020-11-24T12:10:14.000Z,근고기맛집,색달동
4240,https://www.instagram.com/p/CH-RXvPF4Ne/,126.491599994799,33.4771034590481,제주특별자치도 제주시 연동 1413-2,2020-11-24T12:09:56.000Z,맛집,연동
4273,https://www.instagram.com/p/CH-RQYsj1on/,126.86025618946,33.5251436596119,제주특별자치도 제주시 구좌읍 세화리 1-1,2020-11-24T12:08:56.000Z,구좌읍맛집,구좌읍
4287,https://www.instagram.com/p/CH-UeBdMr3F/,126.379598642552,33.4343467419204,제주특별자치도 제주시 애월읍 소길리 794-1,2020-11-24T12:37:00.000Z,제주맛집,애월읍
4354,https://www.instagram.com/p/CH-UW0oDtXL/,126.364601384824,33.2359138258788,제주특별자치도 서귀포시 안덕면 창천리 844-2,2020-11-24T12:36:01.000Z,제주맛집,안덕면
4465,https://www.instagram.com/p/CH-XBCjDjNp/,126.250509085028,33.2164674474575,제주특별자치도 서귀포시 대정읍 하모리 770-28,2020-11-24T12:59:16.000Z,대정맛집,대정읍
4468,https://www.instagram.com/p/CH-XBCjDjNp/,126.250509085028,33.2164674474575,제주특별자치도 서귀포시 대정읍 하모리 770-28,2020-11-24T12:59:16.000Z,제주맛집,대정읍
4469,https://www.instagram.com/p/CH-XBCjDjNp/,126.250509085028,33.2164674474575,제주특별자치도 서귀포시 대정읍 하모리 770-28,2020-11-24T12:59:16.000Z,서귀포맛집,대정읍
4496,https://www.instagram.com/p/CH-WzOphDo9/,126.255828967781,33.4146784560727,제주특별자치도 제주시 한림읍 한림리,2020-11-24T12:57:22.000Z,노을맛집,한림읍
4591,https://www.instagram.com/p/CH-WGH4h35F/,126.727953094591,33.5595665887276,제주특별자치도 제주시 구좌읍 김녕리 6159,2020-11-24T12:51:13.000Z,커피맛집,구좌읍
4690,https://www.instagram.com/p/CH-Yv0IJ8r_/,126.304673157235,33.4506575078278,제주특별자치도 제주시 애월읍 곽지리 1565,2020-11-24T13:14:23.000Z,제주맛집,애월읍
4835,https://www.instagram.com/p/CH-YQytjpW8/,126.895884668397,33.4771917795597,제주특별자치도 서귀포시 성산읍 시흥리,2020-11-24T13:10:09.000Z,맛집,성산읍
5047,https://www.instagram.com/p/CIFxIc3lV5i/,126.147625156169,33.3115549586682,제주특별자치도 제주시 한경면 고산리 125,2020-11-27T10:02:09.000Z,대물식당,한경면
5054,https://www.instagram.com/p/CIFxIc3lV5i/,126.147625156169,33.3115549586682,제주특별자치도 제주시 한경면 고산리 125,2020-11-27T10:02:09.000Z,매운탕맛집,한경면
5067,https://www.instagram.com/p/CIFxIc3lV5i/,126.147625156169,33.3115549586682,제주특별자치도 제주시 한경면 고산리 125,2020-11-27T10:02:09.000Z,제주도민맛집,한경면
5070,https://www.instagram.com/p/CIFxIc3lV5i/,126.147625156169,33.3115549586682,제주특별자치도 제주시 한경면 고산리 125,2020-11-27T10:02:09.000Z,제주맛집,한경면
5071,https://www.instagram.com/p/CIFxIc3lV5i/,126.147625156169,33.3115549586682,제주특별자치도 제주시 한경면 고산리 125,2020-11-27T10:02:09.000Z,맛집,한경면
5072,https://www.instagram.com/p/CIFxIc3lV5i/,126.147625156169,33.3115549586682,제주특별자치도 제주시 한경면 고산리 125,2020-11-27T10:02:09.000Z,맛집추천,한경면
5073,https://www.instagram.com/p/CIFxIc3lV5i/,126.147625156169,33.3115549586682,제주특별자치도 제주시 한경면 고산리 125,2020-11-27T10:02:09.000Z,맛집투어,한경면
5104,https://www.instagram.com/p/CIFw1yoBaDe/,126.698573243357,33.2726237344419,제주특별자치도 서귀포시 남원읍 남원리 2406-3,2020-11-27T09:59:36.000Z,제주맛집,남원읍
5204,https://www.instagram.com/p/CIFvzGhHTAt/,126.916078563797,33.4486008329529,제주특별자치도 서귀포시 성산읍 고성리 316-3,2020-11-27T09:50:30.000Z,맛나식당,성산읍
5205,https://www.instagram.com/p/CIFvzGhHTAt/,126.916078563797,33.4486008329529,제주특별자치도 서귀포시 성산읍 고성리 316-3,2020-11-27T09:50:30.000Z,성산맛집,성산읍
5206,https://www.instagram.com/p/CIFvzGhHTAt/,126.916078563797,33.4486008329529,제주특별자치도 서귀포시 성산읍 고성리 316-3,2020-11-27T09:50:30.000Z,제주맛집,성산읍
5298,https://www.instagram.com/p/CII2TgCpoaF/,126.227275495378,33.3864501267467,제주특별자치도 제주시 한림읍 금능리 1282-1,2020-11-28T14:45:04.000Z,한림맛집,한림읍
5322,https://www.instagram.com/p/CII1w2qJlaw/,126.303224677035,33.285512856952,제주특별자치도 서귀포시 안덕면 서광리 1756-1,2020-11-28T14:40:20.000Z,빵맛집,안덕면
5391,https://www.instagram.com/p/CII2TgCpoaF/,126.227275495378,33.3864501267467,제주특별자치도 제주시 한림읍 금능리 1282-1,2020-11-28T14:45:04.000Z,한림맛집,한림읍
5439,https://www.instagram.com/p/CIKzm3cJbax/,126.669238934013,33.5430615661113,제주특별자치도 제주시 조천읍 함덕리 1004-10,2020-11-29T08:59:59.000Z,조천읍맛집,조천읍
5441,https://www.instagram.com/p/CIKzm3cJbax/,126.669238934013,33.5430615661113,제주특별자치도 제주시 조천읍 함덕리 1004-10,2020-11-29T08:59:59.000Z,함덕해변맛집,조천읍
5445,https://www.instagram.com/p/CIKzm3cJbax/,126.669238934013,33.5430615661113,제주특별자치도 제주시 조천읍 함덕리 1004-10,2020-11-29T08:59:59.000Z,함덕맛집,조천읍
5448,https://www.instagram.com/p/CIKzm3cJbax/,126.669238934013,33.5430615661113,제주특별자치도 제주시 조천읍 함덕리 1004-10,2020-11-29T08:59:59.000Z,함덕서우봉해변맛집,조천읍
5450,https://www.instagram.com/p/CIKzm3cJbax/,126.669238934013,33.5430615661113,제주특별자치도 제주시 조천읍 함덕리 1004-10,2020-11-29T08:59:59.000Z,조천맛집,조천읍
5455,https://www.instagram.com/p/CIKzm3cJbax/,126.669238934013,33.5430615661113,제주특별자치도 제주시 조천읍 함덕리 1004-10,2020-11-29T08:59:59.000Z,제주시맛집,조천읍
5496,https://www.instagram.com/p/CIKzjyOlWrf/,126.35259355146505,33.31110694796215,제주특별자치도 서귀포시 안덕면 동광리 259-3,2020-11-29T08:59:34.000Z,안덕면맛집,안덕면
5554,https://www.instagram.com/p/CIKzFStjoUI/,126.541311860559,33.4931600632963,제주특별자치도 제주시 아라이동 3012-18,2020-11-29T08:55:24.000Z,맛집,아라2동
5567,https://www.instagram.com/p/CIKzFNWnOrM/,126.56384869150997,33.24991509958467,제주특별자치도 서귀포시 서귀동 340,2020-11-29T08:55:23.000Z,서귀포맛집,서귀동
5568,https://www.instagram.com/p/CIKzFNWnOrM/,126.56384869150997,33.24991509958467,제주특별자치도 서귀포시 서귀동 340,2020-11-29T08:55:23.000Z,서귀포올레시장맛집,서귀동
5569,https://www.instagram.com/p/CIKzFNWnOrM/,126.56384869150997,33.24991509958467,제주특별자치도 서귀포시 서귀동 340,2020-11-29T08:55:23.000Z,서귀포현지인맛집,서귀동
5571,https://www.instagram.com/p/CIKzFNWnOrM/,126.56384869150997,33.24991509958467,제주특별자치도 서귀포시 서귀동 340,2020-11-29T08:55:23.000Z,제주올레시장맛집,서귀동
5573,https://www.instagram.com/p/CIKzFNWnOrM/,126.56384869150997,33.24991509958467,제주특별자치도 서귀포시 서귀동 340,2020-11-29T08:55:23.000Z,올레시장맛집,서귀동
5574,https://www.instagram.com/p/CIKzFNWnOrM/,126.56384869150997,33.24991509958467,제주특별자치도 서귀포시 서귀동 340,2020-11-29T08:55:23.000Z,천지연폭포맛집,서귀동
5575,https://www.instagram.com/p/CIKzFNWnOrM/,126.56384869150997,33.24991509958467,제주특별자치도 서귀포시 서귀동 340,2020-11-29T08:55:23.000Z,이중섭거리맛집,서귀동
5594,https://www.instagram.com/p/CIKylI2F4rK/,126.51700772779006,33.516815625143686,제주특별자치도 제주시 삼도이동 1167-14,2020-11-29T08:51:00.000Z,제주맛집,삼도2동
5595,https://www.instagram.com/p/CIKylI2F4rK/,126.51700772779006,33.516815625143686,제주특별자치도 제주시 삼도이동 1167-14,2020-11-29T08:51:00.000Z,제주도맛집,삼도2동
5658,https://www.instagram.com/p/CIK53jJpmUA/,126.669238934013,33.5430615661113,제주특별자치도 제주시 조천읍 함덕리 1004-10,2020-11-29T09:54:41.000Z,조천읍맛집,조천읍
5660,https://www.instagram.com/p/CIK53jJpmUA/,126.669238934013,33.5430615661113,제주특별자치도 제주시 조천읍 함덕리 1004-10,2020-11-29T09:54:41.000Z,함덕해변맛집,조천읍
5664,https://www.instagram.com/p/CIK53jJpmUA/,126.669238934013,33.5430615661113,제주특별자치도 제주시 조천읍 함덕리 1004-10,2020-11-29T09:54:41.000Z,함덕맛집,조천읍
5667,https://www.instagram.com/p/CIK53jJpmUA/,126.669238934013,33.5430615661113,제주특별자치도 제주시 조천읍 함덕리 1004-10,2020-11-29T09:54:41.000Z,함덕서우봉해변맛집,조천읍
5669,https://www.instagram.com/p/CIK53jJpmUA/,126.669238934013,33.5430615661113,제주특별자치도 제주시 조천읍 함덕리 1004-10,2020-11-29T09:54:41.000Z,조천맛집,조천읍
5674,https://www.instagram.com/p/CIK53jJpmUA/,126.669238934013,33.5430615661113,제주특별자치도 제주시 조천읍 함덕리 1004-10,2020-11-29T09:54:41.000Z,제주시맛집,조천읍
5804,https://www.instagram.com/p/CILINoalEIV/,126.43399937343,33.4943031648662,제주특별자치도 제주시 외도이동 314-2,2020-11-29T12:00:02.000Z,제주도맛집,외도2동
5805,https://www.instagram.com/p/CILINoalEIV/,126.43399937343,33.4943031648662,제주특별자치도 제주시 외도이동 314-2,2020-11-29T12:00:02.000Z,제주맛집,외도2동
5806,https://www.instagram.com/p/CILINoalEIV/,126.43399937343,33.4943031648662,제주특별자치도 제주시 외도이동 314-2,2020-11-29T12:00:02.000Z,제주도민맛집,외도2동
5807,https://www.instagram.com/p/CILINoalEIV/,126.43399937343,33.4943031648662,제주특별자치도 제주시 외도이동 314-2,2020-11-29T12:00:02.000Z,제주맛집추천,외도2동
5976,https://www.instagram.com/p/CILOlszB_Oe/,126.873289850307,33.3774305792331,제주특별자치도 서귀포시 성산읍 신산리 1073-9,2020-11-29T12:55:45.000Z,표선맛집,성산읍
5977,https://www.instagram.com/p/CILOlszB_Oe/,126.873289850307,33.3774305792331,제주특별자치도 서귀포시 성산읍 신산리 1073-9,2020-11-29T12:55:45.000Z,성산일출봉맛집,성산읍
6106,https://www.instagram.com/p/CILV0nSptmc/,126.969199001247,33.515409238245,제주특별자치도 제주시 우도면 연평리,2020-11-29T13:58:57.000Z,우도맛집,우도면
6155,https://www.instagram.com/p/CILVIfonFCd/,126.29326837911009,33.21655176874322,제주특별자치도 서귀포시 대정읍 상모리,2020-11-29T13:52:56.000Z,맛집,대정읍
6156,https://www.instagram.com/p/CILVIfonFCd/,126.29326837911009,33.21655176874322,제주특별자치도 서귀포시 대정읍 상모리,2020-11-29T13:52:56.000Z,맛집스타그램,대정읍
6157,https://www.instagram.com/p/CILVIfonFCd/,126.29326837911009,33.21655176874322,제주특별자치도 서귀포시 대정읍 상모리,2020-11-29T13:52:56.000Z,맛집탐방,대정읍
6192,https://www.instagram.com/p/CILU4lbn3tX/,126.17420604655737,33.343081026740045,제주특별자치도 제주시 한경면 신창리 1322-1,2020-11-29T13:50:45.000Z,노을맛집,한경면
6300,https://www.instagram.com/p/CILcOELF9cc/,126.235909783148,33.2730177467281,제주특별자치도 서귀포시 대정읍 무릉리,2020-11-29T14:54:51.000Z,맛집,대정읍
6306,https://www.instagram.com/p/CILcOELF9cc/,126.235909783148,33.2730177467281,제주특별자치도 서귀포시 대정읍 무릉리,2020-11-29T14:54:51.000Z,제주맛집,대정읍
6307,https://www.instagram.com/p/CILcOELF9cc/,126.235909783148,33.2730177467281,제주특별자치도 서귀포시 대정읍 무릉리,2020-11-29T14:54:51.000Z,제주도맛집,대정읍
6308,https://www.instagram.com/p/CILcOELF9cc/,126.235909783148,33.2730177467281,제주특별자치도 서귀포시 대정읍 무릉리,2020-11-29T14:54:51.000Z,제주맛집추천,대정읍
6309,https://www.instagram.com/p/CILcOELF9cc/,126.235909783148,33.2730177467281,제주특별자치도 서귀포시 대정읍 무릉리,2020-11-29T14:54:51.000Z,제주도맛집추천,대정읍
6311,https://www.instagram.com/p/CILcOELF9cc/,126.235909783148,33.2730177467281,제주특별자치도 서귀포시 대정읍 무릉리,2020-11-29T14:54:51.000Z,제주흑돼지맛집,대정읍
6313,https://www.instagram.com/p/CILcOELF9cc/,126.235909783148,33.2730177467281,제주특별자치도 서귀포시 대정읍 무릉리,2020-11-29T14:54:51.000Z,제주도흑돼지맛집,대정읍
6314,https://www.instagram.com/p/CILcOELF9cc/,126.235909783148,33.2730177467281,제주특별자치도 서귀포시 대정읍 무릉리,2020-11-29T14:54:51.000Z,서귀포맛집,대정읍
6316,https://www.instagram.com/p/CILcOELF9cc/,126.235909783148,33.2730177467281,제주특별자치도 서귀포시 대정읍 무릉리,2020-11-29T14:54:51.000Z,서귀포흑돼지맛집,대정읍
6318,https://www.instagram.com/p/CILcOELF9cc/,126.235909783148,33.2730177467281,제주특별자치도 서귀포시 대정읍 무릉리,2020-11-29T14:54:51.000Z,제주맛집투어,대정읍
6319,https://www.instagram.com/p/CILcOELF9cc/,126.235909783148,33.2730177467281,제주특별자치도 서귀포시 대정읍 무릉리,2020-11-29T14:54:51.000Z,제주도맛집투어,대정읍
6320,https://www.instagram.com/p/CILcOELF9cc/,126.235909783148,33.2730177467281,제주특별자치도 서귀포시 대정읍 무릉리,2020-11-29T14:54:51.000Z,최애맛집,대정읍
6324,https://www.instagram.com/p/CILcOELF9cc/,126.235909783148,33.2730177467281,제주특별자치도 서귀포시 대정읍 무릉리,2020-11-29T14:54:51.000Z,신화월드맛집,대정읍
6325,https://www.instagram.com/p/CILcOELF9cc/,126.235909783148,33.2730177467281,제주특별자치도 서귀포시 대정읍 무릉리,2020-11-29T14:54:51.000Z,오설록맛집,대정읍
6326,https://www.instagram.com/p/CILcOELF9cc/,126.235909783148,33.2730177467281,제주특별자치도 서귀포시 대정읍 무릉리,2020-11-29T14:54:51.000Z,협재맛집,대정읍
6455,https://www.instagram.com/p/CILbVlyDVCc/,126.478699420942,33.4778018006214,제주특별자치도 제주시 노형동 745-10,2020-11-29T14:47:09.000Z,커피맛집,노형동
6456,https://www.instagram.com/p/CILbVlyDVCc/,126.478699420942,33.4778018006214,제주특별자치도 제주시 노형동 745-10,2020-11-29T14:47:09.000Z,디저트맛집,노형동
6457,https://www.instagram.com/p/CILbVlyDVCc/,126.478699420942,33.4778018006214,제주특별자치도 제주시 노형동 745-10,2020-11-29T14:47:09.000Z,마카롱맛집,노형동
6475,https://www.instagram.com/p/CILbSS4lpRL/,126.19098189638305,33.25746034468198,제주특별자치도 서귀포시 대정읍 무릉리 3815-1,2020-11-29T14:46:42.000Z,맛집,대정읍
6481,https://www.instagram.com/p/CILbSS4lpRL/,126.19098189638305,33.25746034468198,제주특별자치도 서귀포시 대정읍 무릉리 3815-1,2020-11-29T14:46:42.000Z,제주맛집,대정읍
6482,https://www.instagram.com/p/CILbSS4lpRL/,126.19098189638305,33.25746034468198,제주특별자치도 서귀포시 대정읍 무릉리 3815-1,2020-11-29T14:46:42.000Z,제주도맛집,대정읍
6483,https://www.instagram.com/p/CILbSS4lpRL/,126.19098189638305,33.25746034468198,제주특별자치도 서귀포시 대정읍 무릉리 3815-1,2020-11-29T14:46:42.000Z,제주맛집추천,대정읍
6484,https://www.instagram.com/p/CILbSS4lpRL/,126.19098189638305,33.25746034468198,제주특별자치도 서귀포시 대정읍 무릉리 3815-1,2020-11-29T14:46:42.000Z,제주도맛집추천,대정읍
6486,https://www.instagram.com/p/CILbSS4lpRL/,126.19098189638305,33.25746034468198,제주특별자치도 서귀포시 대정읍 무릉리 3815-1,2020-11-29T14:46:42.000Z,제주흑돼지맛집,대정읍
6488,https://www.instagram.com/p/CILbSS4lpRL/,126.19098189638305,33.25746034468198,제주특별자치도 서귀포시 대정읍 무릉리 3815-1,2020-11-29T14:46:42.000Z,제주도흑돼지맛집,대정읍
6489,https://www.instagram.com/p/CILbSS4lpRL/,126.19098189638305,33.25746034468198,제주특별자치도 서귀포시 대정읍 무릉리 3815-1,2020-11-29T14:46:42.000Z,서귀포맛집,대정읍
6491,https://www.instagram.com/p/CILbSS4lpRL/,126.19098189638305,33.25746034468198,제주특별자치도 서귀포시 대정읍 무릉리 3815-1,2020-11-29T14:46:42.000Z,서귀포흑돼지맛집,대정읍
6493,https://www.instagram.com/p/CILbSS4lpRL/,126.19098189638305,33.25746034468198,제주특별자치도 서귀포시 대정읍 무릉리 3815-1,2020-11-29T14:46:42.000Z,제주맛집투어,대정읍
6494,https://www.instagram.com/p/CILbSS4lpRL/,126.19098189638305,33.25746034468198,제주특별자치도 서귀포시 대정읍 무릉리 3815-1,2020-11-29T14:46:42.000Z,제주도맛집투어,대정읍
6495,https://www.instagram.com/p/CILbSS4lpRL/,126.19098189638305,33.25746034468198,제주특별자치도 서귀포시 대정읍 무릉리 3815-1,2020-11-29T14:46:42.000Z,최애맛집,대정읍
6499,https://www.instagram.com/p/CILbSS4lpRL/,126.19098189638305,33.25746034468198,제주특별자치도 서귀포시 대정읍 무릉리 3815-1,2020-11-29T14:46:42.000Z,신화월드맛집,대정읍
6500,https://www.instagram.com/p/CILbSS4lpRL/,126.19098189638305,33.25746034468198,제주특별자치도 서귀포시 대정읍 무릉리 3815-1,2020-11-29T14:46:42.000Z,오설록맛집,대정읍
6501,https://www.instagram.com/p/CILbSS4lpRL/,126.19098189638305,33.25746034468198,제주특별자치도 서귀포시 대정읍 무릉리 3815-1,2020-11-29T14:46:42.000Z,협재맛집,대정읍
6596,https://www.instagram.com/p/CILhA9lngwX/,126.250509085028,33.2164674474575,제주특별자치도 서귀포시 대정읍 하모리 770-28,2020-11-29T15:36:45.000Z,제주맛집,대정읍
6599,https://www.instagram.com/p/CILhA9lngwX/,126.250509085028,33.2164674474575,제주특별자치도 서귀포시 대정읍 하모리 770-28,2020-11-29T15:36:45.000Z,모슬포맛집,대정읍
6663,https://www.instagram.com/p/CILonxijmX8/,126.78791509734609,33.304819808349805,제주특별자치도 서귀포시 표선면 표선리,2020-11-29T16:43:13.000Z,표선맛집,표선면
6664,https://www.instagram.com/p/CILonxijmX8/,126.78791509734609,33.304819808349805,제주특별자치도 서귀포시 표선면 표선리,2020-11-29T16:43:13.000Z,해비치호텔맛집,표선면
6692,https://www.instagram.com/p/CILohYoHbQJ/,126.54359451631342,33.49289440708202,제주특별자치도 제주시 이도이동 1965-15,2020-11-29T16:42:21.000Z,커피맛집,이도2동
6699,https://www.instagram.com/p/CILohYoHbQJ/,126.54359451631342,33.49289440708202,제주특별자치도 제주시 이도이동 1965-15,2020-11-29T16:42:21.000Z,사진맛집,이도2동
6739,https://www.instagram.com/p/CILmbuejxUP/,126.524677826742,33.513278603906,제주특별자치도 제주시 일도1동 1425-3,2020-11-29T16:24:06.000Z,제주맛집,일도1동
6775,https://www.instagram.com/p/CIFs8APhuXU/,126.930609241011,33.4239380655993,제주특별자치도 서귀포시 성산읍 고성리 87,2020-11-27T09:25:30.000Z,성산맛집,성산읍
6819,https://www.instagram.com/p/CILkrjfDRdi/,126.531171087129,33.4995342412698,제주특별자치도 제주시 이도2동 1176-1,2020-11-29T16:08:47.000Z,제주맛집,이도2동
6826,https://www.instagram.com/p/CILkrjfDRdi/,126.531171087129,33.4995342412698,제주특별자치도 제주시 이도2동 1176-1,2020-11-29T16:08:47.000Z,텐동맛집,이도2동
6884,https://www.instagram.com/p/CILtD3Il_q-/,126.19098189638305,33.25746034468198,제주특별자치도 서귀포시 대정읍 무릉리 3815-1,2020-11-29T17:22:01.000Z,맛집,대정읍
6890,https://www.instagram.com/p/CILtD3Il_q-/,126.19098189638305,33.25746034468198,제주특별자치도 서귀포시 대정읍 무릉리 3815-1,2020-11-29T17:22:01.000Z,제주맛집,대정읍
6891,https://www.instagram.com/p/CILtD3Il_q-/,126.19098189638305,33.25746034468198,제주특별자치도 서귀포시 대정읍 무릉리 3815-1,2020-11-29T17:22:01.000Z,제주도맛집,대정읍
6892,https://www.instagram.com/p/CILtD3Il_q-/,126.19098189638305,33.25746034468198,제주특별자치도 서귀포시 대정읍 무릉리 3815-1,2020-11-29T17:22:01.000Z,제주맛집추천,대정읍
6893,https://www.instagram.com/p/CILtD3Il_q-/,126.19098189638305,33.25746034468198,제주특별자치도 서귀포시 대정읍 무릉리 3815-1,2020-11-29T17:22:01.000Z,제주도맛집추천,대정읍
6895,https://www.instagram.com/p/CILtD3Il_q-/,126.19098189638305,33.25746034468198,제주특별자치도 서귀포시 대정읍 무릉리 3815-1,2020-11-29T17:22:01.000Z,제주흑돼지맛집,대정읍
6897,https://www.instagram.com/p/CILtD3Il_q-/,126.19098189638305,33.25746034468198,제주특별자치도 서귀포시 대정읍 무릉리 3815-1,2020-11-29T17:22:01.000Z,제주도흑돼지맛집,대정읍
6898,https://www.instagram.com/p/CILtD3Il_q-/,126.19098189638305,33.25746034468198,제주특별자치도 서귀포시 대정읍 무릉리 3815-1,2020-11-29T17:22:01.000Z,서귀포맛집,대정읍
6900,https://www.instagram.com/p/CILtD3Il_q-/,126.19098189638305,33.25746034468198,제주특별자치도 서귀포시 대정읍 무릉리 3815-1,2020-11-29T17:22:01.000Z,서귀포흑돼지맛집,대정읍
6902,https://www.instagram.com/p/CILtD3Il_q-/,126.19098189638305,33.25746034468198,제주특별자치도 서귀포시 대정읍 무릉리 3815-1,2020-11-29T17:22:01.000Z,제주맛집투어,대정읍
6903,https://www.instagram.com/p/CILtD3Il_q-/,126.19098189638305,33.25746034468198,제주특별자치도 서귀포시 대정읍 무릉리 3815-1,2020-11-29T17:22:01.000Z,제주도맛집투어,대정읍
6904,https://www.instagram.com/p/CILtD3Il_q-/,126.19098189638305,33.25746034468198,제주특별자치도 서귀포시 대정읍 무릉리 3815-1,2020-11-29T17:22:01.000Z,최애맛집,대정읍
6908,https://www.instagram.com/p/CILtD3Il_q-/,126.19098189638305,33.25746034468198,제주특별자치도 서귀포시 대정읍 무릉리 3815-1,2020-11-29T17:22:01.000Z,신화월드맛집,대정읍
6909,https://www.instagram.com/p/CILtD3Il_q-/,126.19098189638305,33.25746034468198,제주특별자치도 서귀포시 대정읍 무릉리 3815-1,2020-11-29T17:22:01.000Z,오설록맛집,대정읍
6910,https://www.instagram.com/p/CILtD3Il_q-/,126.19098189638305,33.25746034468198,제주특별자치도 서귀포시 대정읍 무릉리 3815-1,2020-11-29T17:22:01.000Z,협재맛집,대정읍
6975,https://www.instagram.com/p/CILonxijmX8/,126.78791509734609,33.304819808349805,제주특별자치도 서귀포시 표선면 표선리,2020-11-29T16:43:13.000Z,표선맛집,표선면
6976,https://www.instagram.com/p/CILonxijmX8/,126.78791509734609,33.304819808349805,제주특별자치도 서귀포시 표선면 표선리,2020-11-29T16:43:13.000Z,해비치호텔맛집,표선면
7004,https://www.instagram.com/p/CILohYoHbQJ/,126.54359451631342,33.49289440708202,제주특별자치도 제주시 이도이동 1965-15,2020-11-29T16:42:21.000Z,커피맛집,이도2동
7011,https://www.instagram.com/p/CILohYoHbQJ/,126.54359451631342,33.49289440708202,제주특별자치도 제주시 이도이동 1965-15,2020-11-29T16:42:21.000Z,사진맛집,이도2동
7047,https://www.instagram.com/p/CILyOHEnBGO/,126.48786343044898,33.46943714863551,제주특별자치도 제주시 연동 1315,2020-11-29T18:07:06.000Z,맛집추천,연동
7049,https://www.instagram.com/p/CILyOHEnBGO/,126.48786343044898,33.46943714863551,제주특별자치도 제주시 연동 1315,2020-11-29T18:07:06.000Z,맛집스타그램,연동
7053,https://www.instagram.com/p/CILyOHEnBGO/,126.48786343044898,33.46943714863551,제주특별자치도 제주시 연동 1315,2020-11-29T18:07:06.000Z,제주맛집,연동
7054,https://www.instagram.com/p/CILyOHEnBGO/,126.48786343044898,33.46943714863551,제주특별자치도 제주시 연동 1315,2020-11-29T18:07:06.000Z,제주도맛집,연동
7131,https://www.instagram.com/p/CILtD3Il_q-/,126.19098189638305,33.25746034468198,제주특별자치도 서귀포시 대정읍 무릉리 3815-1,2020-11-29T17:22:01.000Z,맛집,대정읍
7137,https://www.instagram.com/p/CILtD3Il_q-/,126.19098189638305,33.25746034468198,제주특별자치도 서귀포시 대정읍 무릉리 3815-1,2020-11-29T17:22:01.000Z,제주맛집,대정읍
7138,https://www.instagram.com/p/CILtD3Il_q-/,126.19098189638305,33.25746034468198,제주특별자치도 서귀포시 대정읍 무릉리 3815-1,2020-11-29T17:22:01.000Z,제주도맛집,대정읍
7139,https://www.instagram.com/p/CILtD3Il_q-/,126.19098189638305,33.25746034468198,제주특별자치도 서귀포시 대정읍 무릉리 3815-1,2020-11-29T17:22:01.000Z,제주맛집추천,대정읍
7140,https://www.instagram.com/p/CILtD3Il_q-/,126.19098189638305,33.25746034468198,제주특별자치도 서귀포시 대정읍 무릉리 3815-1,2020-11-29T17:22:01.000Z,제주도맛집추천,대정읍
7142,https://www.instagram.com/p/CILtD3Il_q-/,126.19098189638305,33.25746034468198,제주특별자치도 서귀포시 대정읍 무릉리 3815-1,2020-11-29T17:22:01.000Z,제주흑돼지맛집,대정읍
7144,https://www.instagram.com/p/CILtD3Il_q-/,126.19098189638305,33.25746034468198,제주특별자치도 서귀포시 대정읍 무릉리 3815-1,2020-11-29T17:22:01.000Z,제주도흑돼지맛집,대정읍
7145,https://www.instagram.com/p/CILtD3Il_q-/,126.19098189638305,33.25746034468198,제주특별자치도 서귀포시 대정읍 무릉리 3815-1,2020-11-29T17:22:01.000Z,서귀포맛집,대정읍
7147,https://www.instagram.com/p/CILtD3Il_q-/,126.19098189638305,33.25746034468198,제주특별자치도 서귀포시 대정읍 무릉리 3815-1,2020-11-29T17:22:01.000Z,서귀포흑돼지맛집,대정읍
7149,https://www.instagram.com/p/CILtD3Il_q-/,126.19098189638305,33.25746034468198,제주특별자치도 서귀포시 대정읍 무릉리 3815-1,2020-11-29T17:22:01.000Z,제주맛집투어,대정읍
7150,https://www.instagram.com/p/CILtD3Il_q-/,126.19098189638305,33.25746034468198,제주특별자치도 서귀포시 대정읍 무릉리 3815-1,2020-11-29T17:22:01.000Z,제주도맛집투어,대정읍
7151,https://www.instagram.com/p/CILtD3Il_q-/,126.19098189638305,33.25746034468198,제주특별자치도 서귀포시 대정읍 무릉리 3815-1,2020-11-29T17:22:01.000Z,최애맛집,대정읍
7155,https://www.instagram.com/p/CILtD3Il_q-/,126.19098189638305,33.25746034468198,제주특별자치도 서귀포시 대정읍 무릉리 3815-1,2020-11-29T17:22:01.000Z,신화월드맛집,대정읍
7156,https://www.instagram.com/p/CILtD3Il_q-/,126.19098189638305,33.25746034468198,제주특별자치도 서귀포시 대정읍 무릉리 3815-1,2020-11-29T17:22:01.000Z,오설록맛집,대정읍
7157,https://www.instagram.com/p/CILtD3Il_q-/,126.19098189638305,33.25746034468198,제주특별자치도 서귀포시 대정읍 무릉리 3815-1,2020-11-29T17:22:01.000Z,협재맛집,대정읍
7251,https://www.instagram.com/p/CILyOHEnBGO/,126.48786343044898,33.46943714863551,제주특별자치도 제주시 연동 1315,2020-11-29T18:07:06.000Z,맛집추천,연동
7253,https://www.instagram.com/p/CILyOHEnBGO/,126.48786343044898,33.46943714863551,제주특별자치도 제주시 연동 1315,2020-11-29T18:07:06.000Z,맛집스타그램,연동
7257,https://www.instagram.com/p/CILyOHEnBGO/,126.48786343044898,33.46943714863551,제주특별자치도 제주시 연동 1315,2020-11-29T18:07:06.000Z,제주맛집,연동
7258,https://www.instagram.com/p/CILyOHEnBGO/,126.48786343044898,33.46943714863551,제주특별자치도 제주시 연동 1315,2020-11-29T18:07:06.000Z,제주도맛집,연동
7357,https://www.instagram.com/p/CILtD3Il_q-/,126.19098189638305,33.25746034468198,제주특별자치도 서귀포시 대정읍 무릉리 3815-1,2020-11-29T17:22:01.000Z,맛집,대정읍
7363,https://www.instagram.com/p/CILtD3Il_q-/,126.19098189638305,33.25746034468198,제주특별자치도 서귀포시 대정읍 무릉리 3815-1,2020-11-29T17:22:01.000Z,제주맛집,대정읍
7364,https://www.instagram.com/p/CILtD3Il_q-/,126.19098189638305,33.25746034468198,제주특별자치도 서귀포시 대정읍 무릉리 3815-1,2020-11-29T17:22:01.000Z,제주도맛집,대정읍
7365,https://www.instagram.com/p/CILtD3Il_q-/,126.19098189638305,33.25746034468198,제주특별자치도 서귀포시 대정읍 무릉리 3815-1,2020-11-29T17:22:01.000Z,제주맛집추천,대정읍
7366,https://www.instagram.com/p/CILtD3Il_q-/,126.19098189638305,33.25746034468198,제주특별자치도 서귀포시 대정읍 무릉리 3815-1,2020-11-29T17:22:01.000Z,제주도맛집추천,대정읍
7368,https://www.instagram.com/p/CILtD3Il_q-/,126.19098189638305,33.25746034468198,제주특별자치도 서귀포시 대정읍 무릉리 3815-1,2020-11-29T17:22:01.000Z,제주흑돼지맛집,대정읍
7370,https://www.instagram.com/p/CILtD3Il_q-/,126.19098189638305,33.25746034468198,제주특별자치도 서귀포시 대정읍 무릉리 3815-1,2020-11-29T17:22:01.000Z,제주도흑돼지맛집,대정읍
7371,https://www.instagram.com/p/CILtD3Il_q-/,126.19098189638305,33.25746034468198,제주특별자치도 서귀포시 대정읍 무릉리 3815-1,2020-11-29T17:22:01.000Z,서귀포맛집,대정읍
7373,https://www.instagram.com/p/CILtD3Il_q-/,126.19098189638305,33.25746034468198,제주특별자치도 서귀포시 대정읍 무릉리 3815-1,2020-11-29T17:22:01.000Z,서귀포흑돼지맛집,대정읍
7375,https://www.instagram.com/p/CILtD3Il_q-/,126.19098189638305,33.25746034468198,제주특별자치도 서귀포시 대정읍 무릉리 3815-1,2020-11-29T17:22:01.000Z,제주맛집투어,대정읍
7376,https://www.instagram.com/p/CILtD3Il_q-/,126.19098189638305,33.25746034468198,제주특별자치도 서귀포시 대정읍 무릉리 3815-1,2020-11-29T17:22:01.000Z,제주도맛집투어,대정읍
7377,https://www.instagram.com/p/CILtD3Il_q-/,126.19098189638305,33.25746034468198,제주특별자치도 서귀포시 대정읍 무릉리 3815-1,2020-11-29T17:22:01.000Z,최애맛집,대정읍
7381,https://www.instagram.com/p/CILtD3Il_q-/,126.19098189638305,33.25746034468198,제주특별자치도 서귀포시 대정읍 무릉리 3815-1,2020-11-29T17:22:01.000Z,신화월드맛집,대정읍
7382,https://www.instagram.com/p/CILtD3Il_q-/,126.19098189638305,33.25746034468198,제주특별자치도 서귀포시 대정읍 무릉리 3815-1,2020-11-29T17:22:01.000Z,오설록맛집,대정읍
7383,https://www.instagram.com/p/CILtD3Il_q-/,126.19098189638305,33.25746034468198,제주특별자치도 서귀포시 대정읍 무릉리 3815-1,2020-11-29T17:22:01.000Z,협재맛집,대정읍
7402,https://www.instagram.com/p/CIMCyEPD12x/,126.52196128116076,33.4983882895637,제주특별자치도 제주시 삼도1동 577-16,2020-11-29T20:31:49.000Z,사진맛집,삼도1동
7432,https://www.instagram.com/p/CIMCmbpDTfk/,126.52196128116076,33.4983882895637,제주특별자치도 제주시 삼도1동 577-16,2020-11-29T20:30:14.000Z,사진맛집,삼도1동
7462,https://www.instagram.com/p/CIMCeqLDHYb/,126.52196128116076,33.4983882895637,제주특별자치도 제주시 삼도1동 577-16,2020-11-29T20:29:10.000Z,사진맛집,삼도1동
7492,https://www.instagram.com/p/CIMCG34j4ql/,126.52196128116076,33.4983882895637,제주특별자치도 제주시 삼도1동 577-16,2020-11-29T20:25:55.000Z,사진맛집,삼도1동
7544,https://www.instagram.com/p/CILyOHEnBGO/,126.48786343044898,33.46943714863551,제주특별자치도 제주시 연동 1315,2020-11-29T18:07:06.000Z,맛집추천,연동
7546,https://www.instagram.com/p/CILyOHEnBGO/,126.48786343044898,33.46943714863551,제주특별자치도 제주시 연동 1315,2020-11-29T18:07:06.000Z,맛집스타그램,연동
7550,https://www.instagram.com/p/CILyOHEnBGO/,126.48786343044898,33.46943714863551,제주특별자치도 제주시 연동 1315,2020-11-29T18:07:06.000Z,제주맛집,연동
7551,https://www.instagram.com/p/CILyOHEnBGO/,126.48786343044898,33.46943714863551,제주특별자치도 제주시 연동 1315,2020-11-29T18:07:06.000Z,제주도맛집,연동
7728,https://www.instagram.com/p/CIMCyEPD12x/,126.52196128116076,33.4983882895637,제주특별자치도 제주시 삼도1동 577-16,2020-11-29T20:31:49.000Z,사진맛집,삼도1동
7758,https://www.instagram.com/p/CIMCmbpDTfk/,126.52196128116076,33.4983882895637,제주특별자치도 제주시 삼도1동 577-16,2020-11-29T20:30:14.000Z,사진맛집,삼도1동
7788,https://www.instagram.com/p/CIMCeqLDHYb/,126.52196128116076,33.4983882895637,제주특별자치도 제주시 삼도1동 577-16,2020-11-29T20:29:10.000Z,사진맛집,삼도1동
7818,https://www.instagram.com/p/CIMCG34j4ql/,126.52196128116076,33.4983882895637,제주특별자치도 제주시 삼도1동 577-16,2020-11-29T20:25:55.000Z,사진맛집,삼도1동
7851,https://www.instagram.com/p/CILyOHEnBGO/,126.48786343044898,33.46943714863551,제주특별자치도 제주시 연동 1315,2020-11-29T18:07:06.000Z,맛집추천,연동
7853,https://www.instagram.com/p/CILyOHEnBGO/,126.48786343044898,33.46943714863551,제주특별자치도 제주시 연동 1315,2020-11-29T18:07:06.000Z,맛집스타그램,연동
7857,https://www.instagram.com/p/CILyOHEnBGO/,126.48786343044898,33.46943714863551,제주특별자치도 제주시 연동 1315,2020-11-29T18:07:06.000Z,제주맛집,연동
7858,https://www.instagram.com/p/CILyOHEnBGO/,126.48786343044898,33.46943714863551,제주특별자치도 제주시 연동 1315,2020-11-29T18:07:06.000Z,제주도맛집,연동
7999,https://www.instagram.com/p/CIMR64AhPeR/,126.873289850307,33.3774305792331,제주특별자치도 서귀포시 성산읍 신산리 1073-9,2020-11-29T22:44:06.000Z,성산맛집,성산읍
8000,https://www.instagram.com/p/CIMR64AhPeR/,126.873289850307,33.3774305792331,제주특별자치도 서귀포시 성산읍 신산리 1073-9,2020-11-29T22:44:06.000Z,표선맛집,성산읍
8001,https://www.instagram.com/p/CIMR64AhPeR/,126.873289850307,33.3774305792331,제주특별자치도 서귀포시 성산읍 신산리 1073-9,2020-11-29T22:44:06.000Z,하도리맛집,성산읍
8002,https://www.instagram.com/p/CIMR64AhPeR/,126.873289850307,33.3774305792331,제주특별자치도 서귀포시 성산읍 신산리 1073-9,2020-11-29T22:44:06.000Z,중문맛집,성산읍
8003,https://www.instagram.com/p/CIMR64AhPeR/,126.873289850307,33.3774305792331,제주특별자치도 서귀포시 성산읍 신산리 1073-9,2020-11-29T22:44:06.000Z,성산일출봉맛집,성산읍
8007,https://www.instagram.com/p/CIMR64AhPeR/,126.873289850307,33.3774305792331,제주특별자치도 서귀포시 성산읍 신산리 1073-9,2020-11-29T22:44:06.000Z,신산리맛집,성산읍
8010,https://www.instagram.com/p/CIMROWcjIco/,126.525769831171,33.2554190180201,제주특별자치도 서귀포시 서호동 326-1,2020-11-29T22:38:01.000Z,에그베네딕트맛집,서호동
8067,https://www.instagram.com/p/CIMQgNvB4La/,126.873289850307,33.3774305792331,제주특별자치도 서귀포시 성산읍 신산리 1073-9,2020-11-29T22:31:43.000Z,성산맛집,성산읍
8068,https://www.instagram.com/p/CIMQgNvB4La/,126.873289850307,33.3774305792331,제주특별자치도 서귀포시 성산읍 신산리 1073-9,2020-11-29T22:31:43.000Z,서귀포맛집,성산읍
8069,https://www.instagram.com/p/CIMQgNvB4La/,126.873289850307,33.3774305792331,제주특별자치도 서귀포시 성산읍 신산리 1073-9,2020-11-29T22:31:43.000Z,애월맛집,성산읍
8070,https://www.instagram.com/p/CIMQgNvB4La/,126.873289850307,33.3774305792331,제주특별자치도 서귀포시 성산읍 신산리 1073-9,2020-11-29T22:31:43.000Z,한담맛집,성산읍
8071,https://www.instagram.com/p/CIMQgNvB4La/,126.873289850307,33.3774305792331,제주특별자치도 서귀포시 성산읍 신산리 1073-9,2020-11-29T22:31:43.000Z,곽지맛집,성산읍
8072,https://www.instagram.com/p/CIMQgNvB4La/,126.873289850307,33.3774305792331,제주특별자치도 서귀포시 성산읍 신산리 1073-9,2020-11-29T22:31:43.000Z,협재맛집,성산읍
8073,https://www.instagram.com/p/CIMQgNvB4La/,126.873289850307,33.3774305792331,제주특별자치도 서귀포시 성산읍 신산리 1073-9,2020-11-29T22:31:43.000Z,한림맛집,성산읍
8074,https://www.instagram.com/p/CIMQgNvB4La/,126.873289850307,33.3774305792331,제주특별자치도 서귀포시 성산읍 신산리 1073-9,2020-11-29T22:31:43.000Z,대정맛집,성산읍
